"section","label","sectionNotify","callSites","otherPush","classification"
"dashboard","Home Dashboard","false","","Push subscription confirmation/test only; not a section activity Notify subscription.","Other push, not controlled by this section's Notify"
"hmp_hub","HMP Hub (entry page)","false","","","No section-targeted Notify hook; no additional dedicated push path identified"
"site_hub","Site Operations Hub (entry page)","false","","","No section-targeted Notify hook; no additional dedicated push path identified"
"equipment_hub","Equipment & Fleet Hub (entry page)","false","","","No section-targeted Notify hook; no additional dedicated push path identified"
"reports_hub","Reports Hub (entry page)","false","","","No section-targeted Notify hook; no additional dedicated push path identified"
"stores_hub","Stores & Inventory Hub (entry page)","false","","","No section-targeted Notify hook; no additional dedicated push path identified"
"finance_hub","Procurement & Billing Hub (entry page)","false","","","No section-targeted Notify hook; no additional dedicated push path identified"
"masters_hub","Masters Hub (entry page)","false","","","No section-targeted Notify hook; no additional dedicated push path identified"
"admin_hub","Admin Hub (entry page)","false","","","No section-targeted Notify hook; no additional dedicated push path identified"
"rmc_hub","RMC Hub (entry page)","false","","","No section-targeted Notify hook; no additional dedicated push path identified"
"site_dprs","Site DPRs — File & View","true","server/routes.ts:2674; server/routes.ts:2911; server/routes.ts:3618; server/routes.ts:3698; server/routes.ts:3738; server/routes.ts:3772","","Section-targeted activity push"
"site_materials","Site Materials Received","true","server/routes.ts:1004; server/routes.ts:1055; server/routes.ts:1654; server/routes.ts:1683; server/routes.ts:1721","","Section-targeted activity push"
"site_procurement","Purchase Indents (legacy)","false","","","No section-targeted Notify hook; no additional dedicated push path identified"
"purchase_indents_view","Purchase Indents — View List","true","server/routes.ts:9411; server/routes.ts:9456; server/routes.ts:9484; server/routes.ts:9513; server/routes.ts:9534; server/routes.ts:9748; server/routes.ts:10272; server/routes.ts:10306; server/routes.ts:10355; server/routes.ts:10383; server/routes.ts:10422","","Section-targeted activity push"
"purchase_indents_raise","Purchase Indents — Raise / Submit","false","","","No section-targeted Notify hook; no additional dedicated push path identified"
"purchase_indents_approve","Purchase Indents — Approve / Reject","false","","","No section-targeted Notify hook; no additional dedicated push path identified"
"site_diesel","Diesel Requirements (legacy)","true","server/routes.ts:4726","","Section-targeted activity push"
"diesel_req_view","Diesel Requirements — View List","false","","","No section-targeted Notify hook; no additional dedicated push path identified"
"diesel_req_raise","Diesel Requirements — Raise / Submit","true","server/routes.ts:10994; server/routes.ts:11021","","Section-targeted activity push"
"diesel_req_approve","Diesel Requirements — Approve / Reject","true","server/routes.ts:10960","","Section-targeted activity push"
"irn_view","Internal Requisitions — View","true","server/routes.ts:9788; server/routes.ts:9827; server/routes.ts:9855; server/routes.ts:9857; server/routes.ts:9888; server/routes.ts:9982","","Section-targeted activity push"
"irn_raise","Internal Requisitions — Raise","false","","","No section-targeted Notify hook; no additional dedicated push path identified"
"irn_approve","Internal Requisitions — Approve / Issue","false","","","No section-targeted Notify hook; no additional dedicated push path identified"
"plant_shift_logs","Shift Log — File & View","true","server/routes.ts:7678; server/routes.ts:7688","","Section-targeted activity push"
"plant_manpower_review","Shift Log — Manpower Review Report","false","","","No section-targeted Notify hook; no additional dedicated push path identified"
"plant_heating","Heating Sessions — Log & View","false","","","No section-targeted Notify hook; no additional dedicated push path identified"
"plant_heating_trends","Heating Trends Report","false","","","No section-targeted Notify hook; no additional dedicated push path identified"
"plant_equipment","Equipment Usage — Log & View","true","server/routes.ts:5967; server/routes.ts:5997; server/routes.ts:6026","","Section-targeted activity push"
"plant_generator_logs","Generator (DG) Logs","true","server/routes.ts:6083","","Section-targeted activity push"
"plant_maintenance","Equipment Maintenance Logs","false","","","No section-targeted Notify hook; no additional dedicated push path identified"
"plant_production","Production & Dispatches","true","server/routes.ts:5235; server/routes.ts:5366; server/routes.ts:5383","","Section-targeted activity push"
"plant_materials","Material Receipts / Issues / Returns","true","server/routes.ts:4713; server/routes.ts:4842; server/routes.ts:4910; server/routes.ts:4948; server/routes.ts:5006; server/routes.ts:5024; server/routes.ts:5040; server/routes.ts:5084; server/routes.ts:5107; server/routes.ts:5129; server/routes.ts:11054","","Section-targeted activity push"
"plant_bitumen","Bitumen Stock Tracker","true","server/routes.ts:7099; server/routes.ts:7115; server/routes.ts:7131","","Section-targeted activity push"
"plant_ldo","LDO Flow Meter","true","server/routes.ts:7171; server/routes.ts:7192; server/routes.ts:7205; server/routes.ts:7343; server/routes.ts:7359; server/routes.ts:7372","","Section-targeted activity push"
"plant_daily_reports","Daily Plant Reports (single day + PDF bulk)","true","server/routes.ts:3807; server/routes.ts:3836; server/routes.ts:3858; server/routes.ts:3879","","Section-targeted activity push"
"plant_stock","Material Stock Ledger","true","server/routes.ts:5169; server/routes.ts:5185; server/routes.ts:5201","","Section-targeted activity push"
"plant_ldo_reconciliation","LDO Book vs Physical Reconciliation","false","","","No section-targeted Notify hook; no additional dedicated push path identified"
"plant_variance","Stock Variance Report","false","","","No section-targeted Notify hook; no additional dedicated push path identified"
"plant_audit","Audit Report","false","","","No section-targeted Notify hook; no additional dedicated push path identified"
"plant_diesel_proc","Diesel Procurement Report","false","","","No section-targeted Notify hook; no additional dedicated push path identified"
"stock_reconciliation","Physical Stock Reconciliation","false","","","No section-targeted Notify hook; no additional dedicated push path identified"
"equipment_performance_report","Equipment Performance — View Report","false","","","No section-targeted Notify hook; no additional dedicated push path identified"
"rmc_operations","RMC Operations (legacy)","false","","","No section-targeted Notify hook; no additional dedicated push path identified"
"rmc_batch_records","RMC Batch Records","false","","","No section-targeted Notify hook; no additional dedicated push path identified"
"rmc_mix_designs","RMC Mix Designs","false","","","No section-targeted Notify hook; no additional dedicated push path identified"
"rmc_cube_tests","RMC Cube Tests (QC)","false","","Failed cube-test event uses manager audience, not section Notify (API owner plant_production).","Other push, not controlled by this section's Notify"
"rmc_raw_materials","RMC Raw Materials","false","","","No section-targeted Notify hook; no additional dedicated push path identified"
"rmc_delivery_challans","RMC Delivery Challans","false","","","No section-targeted Notify hook; no additional dedicated push path identified"
"rmc_daily_report","RMC Daily Report","false","","","No section-targeted Notify hook; no additional dedicated push path identified"
"vendor_bills","Vendor Bills (legacy)","false","","","No section-targeted Notify hook; no additional dedicated push path identified"
"vendor_bills_view","Vendor Bills — View List","true","server/routes.ts:12027","","Section-targeted activity push"
"vendor_bills_raise","Vendor Bills — Raise / Create","true","server/routes.ts:12019; server/routes.ts:12022","","Section-targeted activity push"
"vendor_bills_verify","Vendor Bills — Mark Verified","false","","","No section-targeted Notify hook; no additional dedicated push path identified"
"vendor_bills_approve","Vendor Bills — Final Approve / Mark Paid","true","server/routes.ts:11876; server/routes.ts:12025","","Section-targeted activity push"
"vendor_bill_aliases","Vendor Aliases (merge duplicate names)","false","","","No section-targeted Notify hook; no additional dedicated push path identified"
"reports","Reports (legacy)","false","","","No section-targeted Notify hook; no additional dedicated push path identified"
"report_management","Management Report","false","","","No section-targeted Notify hook; no additional dedicated push path identified"
"report_site_purchases","Site Purchases Report","false","","","No section-targeted Notify hook; no additional dedicated push path identified"
"stores_inventory","Stores — GRNs, Issues & Ledger","true","server/routes.ts:13270; server/routes.ts:13495","","Section-targeted activity push"
"labour_management","Site Requirements — Labour Allocation","false","","","No section-targeted Notify hook; no additional dedicated push path identified"
"estimator_portal","Estimator Portal (login + hub)","false","","","No section-targeted Notify hook; no additional dedicated push path identified"
"mix_calculator","Bituminous Mix Rate Calculator","false","","","No section-targeted Notify hook; no additional dedicated push path identified"
"concrete_calculator","Concrete Rate Calculator (v1 & v2)","false","","","No section-targeted Notify hook; no additional dedicated push path identified"
"qto_boq","QTO & BOQ Estimator","false","","","No section-targeted Notify hook; no additional dedicated push path identified"
"planning_masters","Work Programme — Planning Masters","false","","","No section-targeted Notify hook; no additional dedicated push path identified"
"work_programme","Work Programme — Programme & Execution Setup","false","","","No section-targeted Notify hook; no additional dedicated push path identified"
"work_programme_review","Work Programme — Review & Demand","false","","","No section-targeted Notify hook; no additional dedicated push path identified"
"norms_library","Norms Library (SNL)","false","","","No section-targeted Notify hook; no additional dedicated push path identified"
"edit_requests_review","Edit Requests — Review & Approval","false","","Edit Request / Edit Request Approved use manager/all audiences, not section Notify.","Other push, not controlled by this section's Notify"
"project_scope","Project Scope & Working Reaches","false","","","No section-targeted Notify hook; no additional dedicated push path identified"
"rate_cards","Rate Cards — View & Edit","false","","","No section-targeted Notify hook; no additional dedicated push path identified"
"master_parties","Party / Job Master","false","","","No section-targeted Notify hook; no additional dedicated push path identified"
"master_materials","Materials, Mix Types & Templates","false","","","No section-targeted Notify hook; no additional dedicated push path identified"
"master_equipment","Equipment Master","false","","","No section-targeted Notify hook; no additional dedicated push path identified"
"master_personnel","Personnel Master","false","","","No section-targeted Notify hook; no additional dedicated push path identified"
"admin_settings","Admin Settings (legacy)","false","","","No section-targeted Notify hook; no additional dedicated push path identified"
"site_management","Sites & Plants — Add / Configure","false","","","No section-targeted Notify hook; no additional dedicated push path identified"
"sites_plants_manage","Sites & Plant Reports — Manage","false","","","No section-targeted Notify hook; no additional dedicated push path identified"
"vendor_masters_manage","Vendor Aliases & Rate Cards — Manage","false","","","No section-targeted Notify hook; no additional dedicated push path identified"
"concrete_estimates_manage","Concrete Estimates — Manage","false","","","No section-targeted Notify hook; no additional dedicated push path identified"
"admin_notifications_manage","Admin Notifications — Create","false","","","No section-targeted Notify hook; no additional dedicated push path identified"
"admin_ldo_tools","LDO Backfill & Reconciliation Tools","false","","","No section-targeted Notify hook; no additional dedicated push path identified"
"admin_ledger_tools","Stock Ledger Rebuild / Reassign / Transfer","false","","","No section-targeted Notify hook; no additional dedicated push path identified"
"data_sync","Data Export / Import (Admin Tool)","false","","","No section-targeted Notify hook; no additional dedicated push path identified"
"user_management","User Management — View & Edit Profiles","false","","","No section-targeted Notify hook; no additional dedicated push path identified"
"permission_manager","Manage Permissions for Other Users","false","","","No section-targeted Notify hook; no additional dedicated push path identified"
"device_approval","Device Approval","false","","","No section-targeted Notify hook; no additional dedicated push path identified"
"push_notifications","Push Notification Admin","false","","","No section-targeted Notify hook; no additional dedicated push path identified"
"hmp_operations","HMP Operations (legacy)","false","","","No section-targeted Notify hook; no additional dedicated push path identified"
"reports_analysis","Reports & Analysis (legacy)","false","","","No section-targeted Notify hook; no additional dedicated push path identified"
"estimates_manager","Estimates Manager (legacy)","false","","","No section-targeted Notify hook; no additional dedicated push path identified"
"app_management","App Management (legacy)","false","","","No section-targeted Notify hook; no additional dedicated push path identified"