"method","route","line","disposition"
"PATCH","/api/boq/projects/:id","14836","Retained BOQ contract/item/revision ownership; no programme mutation grant"
"POST","/api/boq/projects/:id/duplicate","15368","Retained BOQ contract/item/revision ownership; no programme mutation grant"
"DELETE","/api/boq/categories/:id","15402","Retained BOQ contract/item/revision ownership; no programme mutation grant"
"PATCH","/api/boq/items/:id","15490","Retained BOQ contract/item/revision ownership; no programme mutation grant"
"POST","/api/boq/projects/:id/auto-map-all","15514","Retained BOQ contract/item/revision ownership; no programme mutation grant"
"DELETE","/api/boq/items/:id","15601","Retained BOQ contract/item/revision ownership; no programme mutation grant"
"DELETE","/api/boq/revisions/:id","15660","Retained BOQ contract/item/revision ownership; no programme mutation grant"
"GET","/api/boq/projects/:id/programme-status","16038","Shared status read displayed on the BOQ register"
"GET","/api/snl/sources","22315","Shared BOQ/SNL read: BOQ editor is a legitimate consumer"
"GET","/api/snl/sources/:id","22324","Shared BOQ/SNL read: BOQ editor is a legitimate consumer"
"GET","/api/snl/sources/:id/items","22335","Shared BOQ/SNL read: BOQ editor is a legitimate consumer"
"GET","/api/snl/items/:id","22361","Shared BOQ/SNL read: BOQ editor is a legitimate consumer"
"GET","/api/snl/search","22372","Shared BOQ/SNL read: BOQ editor is a legitimate consumer"
"GET","/api/snl/mappings/:boqItemId","22400","Shared BOQ/SNL read: BOQ editor is a legitimate consumer"