Job	Rows written and trigger	Production evidence in requested window
fixLdoStockDeductionErrors	Every startup with an exact LDO material; inserts missing receipt ledger rows, deletes LDO tank-transfer issue rows, deletes dip/shift/heating consumption types, deletes LDO dispatch rows, updates every LDO balance to ledger net, then recreates positive opening-minus-closing dip consumption and deducts balances. Consumption-type deletions are not material-qualified.	YES: 2026-10-06 log reports balancesFixed=7 (write operations, including dip deductions, NOT seven distinct balances). Production has 3 newly recreated dip rows totalling 1987.370000 L. Dispatch-deletion counter is hardcoded += 0, so its zero is not evidence of no deletions.
backfillMissingDispatchLdoRows	Every startup; positive actual LDO (otherwise theoretical) on deducted dispatches missing an LDO ledger reference. Inserts dispatch deductions; attributes to owner if owner has any LDO receipt, otherwise HLC; then recomputes running balances and reconciles stock balances.	YES: 65 creation messages; current production confirms 65 dispatch rows created 03:09:57–03:10:15 UTC on 2026-10-06, quantity_out 14612.150760 L. This is gross recreated deduction, not measured net stock change.
migrateDprPlantStockDieselToLedger	Every startup with canonical Diesel/HSD; rebuilds all dpr_equipment_usage ledger entries from latest eligible plant-stock DPR equipment logs dated from 2026-02-01, removes null-party Diesel balances when replacing old rows, guards net deduction and reconciles balances.	UNKNOWN over 90 days. Latest observed attempt failed with INSUFFICIENT_PLANT_STOCK; transactional rebuild rollback means that failure is not evidence of a successful rewrite.
migrateOrphanStockToHLC	When null-party ledger/balance records exist and HLC is found: assigns all null-party ledger records to HLC, removes null-party balance records and reconciles balances.	UNKNOWN; no complete 90-day execution history available.
cleanupSupersededDprDieselLedger	When older DPRs share a base site and date: removes direct_purchase ledger entries linked to their positive direct-purchase equipment diesel logs; reconciles balances if anything was removed.	UNKNOWN.
repairLostDieselSource	When the latest DPR version lost a recoverable equipment diesel source: updates matching equipment logs and invokes canonical diesel ledger synchronization inside a transaction.	UNKNOWN.
fixBadStockBalanceEntries	When ledger id 245 exists: reverses its net effect and deletes it. When ledger id 8364 has null party: reassigns it to HLC and adjusts source/target balances. Diesel sufficiency guards apply. These are hard-coded historical IDs.	UNKNOWN.
purgeOrphanedDeletionReversals	When non-Diesel/HSD adjustment notes match Deleted opening stock/issue/return #… reversal: deletes those ledger rows. This method does not reconcile balances itself.	UNKNOWN.
fixOrphanAdjustmentLedger	When non-Diesel/HSD adjustment notes contain orphan balance correction, quantity_in > 0 and quantity_out = 0: sets quantity_in to zero. Inline job in server/index.ts; no reconciliation in this block.	UNKNOWN.
migrate6mmDownUomFix	When ledger id 19 is a verified 6MM DOWN opening row in CFT with quantity >= 9449, and opening-stock id 2 matches: sets both to 425.25 Ton, recomputes running balances and reconciles balances.	Latest observed startup skipped because the verified stale record was absent; 90-day history UNKNOWN.
deduplicateStockLedgerDispatchRows	When dispatch ledger rows duplicate material/party/reference: keeps highest id, deletes others. Followed by creation of a uniqueness index; this method does not itself reconcile balances.	Latest observed startup: zero rows removed; 90-day history UNKNOWN.
fixDoubleDeductedDispatchOwnerRows	When a dispatch has a positive Borrowed from HLC deduction plus an owner entry: deletes owner entries with no material receipts, or zeroes entries when recorded shortage evidence shows zero available stock; recomputes running balances and reconciles balances.	Latest observed startup: zero fixes; 90-day history UNKNOWN.
backfillDispatchReferenceIds	When dispatch ledger reference_id is null: fills from a date/quantity match for bitumen, falling back to any same-date dispatch; other materials use a same-date dispatch. This is inference, not a unique-match-only rule.	Latest observed startup: zero updates; 90-day history UNKNOWN.
backfillDispatchNotes	Eligible legacy dispatch ledger notes are rewritten using linked/matched dispatch and mix/location information.	Latest observed startup: zero updates; 90-day history UNKNOWN.
backfillBitumenTankNumbers	Bitumen ledger tank_number is null: derives it from referenced receipt or dispatch and applicable legacy fallback.	Latest observed startup: zero updates; 90-day history UNKNOWN.
backfillMissingDispatchBitumenRows	Deducted truck dispatches lack bitumen ledger entries: creates missing deductions, recomputes running balances and reconciles balances.	Latest observed startup: zero rows needed; 90-day history UNKNOWN.
backfillMissingDispatchAggregateRows	Only when its applied marker is absent and deducted dispatches lack positive aggregate ledger entries: rebuilds affected mix-template dispatch ledgers.	Skipped in observed startup; production applied marker dates to 2026-05-20. No evidence of execution in the 90-day window; not a complete historical guarantee.
cleanupGhostDispatchLedgerRows	Only when applied marker is absent: deletes dispatch ledger references whose truck dispatch no longer exists; recomputes running balances and reconciles balances.	Skipped in observed startup; marker 2026-05-20.
fixLdoDataIssues	Only when applied marker is absent and LDO exists: changes MT unit labels to Liters on ledger ids 17991/17992 and HLC party 1 LDO balances.	Skipped in observed startup; marker 2026-05-24.
fixHlcLdoStockBalance	Only when marker absent and LDO exists: recomputes/upserts party 1 LDO balance from the full ledger.	Skipped in observed startup; marker 2026-05-24.
backfillLdoDispatchConsumption_v1	Only when marker absent: inserts missing positive actual-LDO dispatch deductions against dispatch owner.	Skipped in observed startup; marker 2026-05-24.
fixAllLdoStockBalances_v1	Only when marker absent: recomputes/upserts each party's LDO balance from ledger totals.	Skipped in observed startup; marker 2026-05-24.
rebuildLdoDispatchLedger_v1	Only when marker is not 1: deletes all LDO dispatch entries, recreates them using owner/HLC receipt attribution, zeroes and rebuilds LDO balances.	Skipped in observed startup; marker 2026-05-25.
fixLdoDispatchTankNumbers_v1	Only when marker absent: fills missing tank_number on exact-LDO dispatch ledger rows with tank 1.	Skipped in observed startup; marker 2026-05-26.
backfillLdoHeatingConsumption_v1	Only when marker absent: inserts missing ledger consumption from positive tank-1 heating-session consumption.	Skipped in observed startup; marker 2026-05-26.
backfillLdoShiftMeterConsumption_v1	Only when marker absent: inserts missing positive consumption ledger rows derived from shift flow-meter readings.	Skipped in observed startup; marker 2026-05-26.
migrateLdoToDispatchModelOnly_v3	Only when marker is not 1: purges dip/shift/heating consumption, rebuilds LDO dispatch ledger chronologically with owner-first and HLC-shortfall routing, then rebuilds LDO balances and running balances.	Skipped in observed startup; marker 2026-05-27. Current production nevertheless contains dip-consumption rows recreated by the repeat-running repair.
recalculateAllDispatchConsumption	Every startup; for every truck dispatch with a mix template, rewrites theoretical bitumen/LDO quantities and variances from the current template; fills falsey actual bitumen percent/LDO quantity and recomputes actual bitumen quantity.	Indirect stock relevance: values feed later ledger reconstruction. No direct ledger write in this function; exact historical stock effect UNKNOWN.
backfillLdoFlowReadingsFromHeatingSessions	Marker absent: replaces/recreates linked opening/closing LDO flow readings from heating sessions.	No direct stock-ledger write; marker 2026-05-09, skipped in observed startup.
backfillLdoReceiptsFromMaterialReceipts	LDO material receipts lack linked flow records: adds LDO receipt flow readings.	No direct stock-ledger write in this job; these are fuel-operational records.
deduplicateBitumenDipReadings	Marker absent: deletes duplicate bitumen dip records, retaining the newest row for each reading key.	No direct ledger write; marker 2026-05-09.
deduplicateLdoDipReadings	Marker absent: deletes duplicate LDO dip records, retaining newest rows per reading key.	No direct ledger write; marker 2026-05-09. Dip data feeds another job's stock deductions.
deduplicateLdoFlowSlotReadings	Marker absent: deletes duplicate LDO flow-slot records, retaining newest rows per key.	No direct ledger write; marker 2026-05-09.
backfillMaterialBulkDensity	Active known aggregate materials missing bulk density: fills reference density and derived conversion configuration, preserving populated density values.	No direct stock-row write; conversion configuration can affect subsequent operations. Latest log: zero updates.
backfillSiteIdsOnDieselAndIndents	Marker absent: attempts to resolve missing site IDs on diesel requirements and purchase indents from site names.	No direct stock-row write; production marker 2026-05-30.
migrateBulkPlantToMaterial	Purchase-indent items have legacy bulk_plant type: changes type to material.	No direct stock-row write.
migrateLegacyGeneratorNamesToCanonical	Generator/heating records contain names resolvable to a canonical generator: updates generator_logs and bitumen_heating_sessions names.	No direct stock-row write.
repairMissingSitePurchases	Latest same-site/date DPR lacks site purchases but older version has them: copies purchase records to latest DPR.	Writes site_purchases, not stock tables directly.
migrateSupersededDprs	DPR version links and duplicate base-site/date groups identify older reports: sets is_superseded on selected DPR rows.	No direct stock-row write; latest log reports 216 DPRs marked. That count does not prove 216 false-to-true transitions.
migrateEngineerNamesToPersonnelFormat	DPR engineer name matches personnel and lacks current role formatting: replaces engineer display text.	No direct stock-row write; latest log: zero updates, 158 unmatched.
migrateLegacyPlantShiftLogManpower	Legacy manpower rows lack the current split fields: derives contractor, category and gender from old text/aliases and updates those rows.	No direct stock-row write.
backfillShiftLogLockStatus	Any plant_shift_logs row has lock_status locked: changes it to unlocked. No one-time marker in this method.	No direct stock-row write; repeat-running operational-state rewrite.
backfillWorkProgramBarCalendarDates	Programme bars lack start/end dates: derives missing dates from calendar/month information, preserving existing dates and skipping invalid cases.	No direct stock-row write.
fixNullContractorLabels	Mix-estimate rows have null contractor and nonempty contractor text in the first stored state.jobs entry: copies that text into mix_estimates.contractor.	No direct stock-row write; latest log: zero updates.
fixLabourContractorCasing	Labour contractor text is not uppercase: uppercases it.	No direct stock-row write.
backfillBoqPlanningInclude	First fills null included_in_planning values; marker gates automatic exclusion classification. Updates BOQ items and migration marker.	No direct stock-row write.
backfillBoqWorkType	BOQ items lack resolved work types: classifies from existing item data and updates BOQ metadata.	No direct stock-row write.
backfillUppercaseBusinessText	BOQ project business text differs from its normalized uppercase form: rewrites matching project text fields.	No direct stock-row write.
repairLegacyCutFillArrangementSources	Legacy arrangement source/target combinations meet repair rules: clears invalid source excavation links or replaces target BOQ item from allocation evidence; updates arrangement timestamps.	No direct stock-row write.
backfillArrangementBarAllocations	Previously approved eligible arrangements lack programme-bar allocations: automatically creates allocations using current scope/bar capacity.	No direct stock-row write.
resetAllSequences	Every startup: resets database serial sequences to match table maxima.	Changes sequence state, not stock row contents; not a stock repair.
ensureStructureBarColumns	Schema setup also fills missing BOQ display_name by extracting shortened text from item_name/description.	No direct stock-row write.
ensureBoqCanonicalUnit	Fills/normalizes BOQ raw units, canonical units and work categories under classification conditions.	No direct stock-row write.
ensureBoqProgramSettingsTables	Schema setup also migrates legacy shift hours/productivity modes and auto-sequence bar source labels.	No direct stock-row write.
ensureWorkProgrammeRevisionColumns	Schema setup also fills legacy work-programme baseline/revision fields.	No direct stock-row write.
ensureBoqMaterialMappings	Schema setup also merges standard aliases into plant_materials when there is one clear master; preserves existing aliases.	No direct stock-row write.
ensureEarthworkTables	Schema setup also sets null arrangement work_category to earthwork.	No direct stock-row write.
backfillSplitPermissions	Marker-controlled conversion to split permission sections for existing roles/users.	Identity/authorization rows only, not stock.
backfillPlantSubPermissions	Marker-controlled addition/migration of plant sub-section permissions.	Identity/authorization rows only, not stock.
migrateEmailPhoneSchema	Marker-controlled identity schema/data migration for email/phone handling.	Identity rows/schema only, not stock.
ensureBootstrapAdmin	Configured bootstrap account setup/update according to existing conditions.	Identity rows only, not stock; no credentials accessed for this report.
seedSitesFromDprs	Existing DPR site names have no matching site master: creates site entries.	Site-master rows only, not stock.
ensureDprBoqProjectColumn	When BOQ item 25 no longer exists, reassigns progress_entries.boq_item_id 25 to hard-coded item 13. Fills null DPR project IDs from linked BOQ items, choosing the lowest project ID when multiple projects exist.	No direct stock-row write; historical DPR/BOQ links are automatically inferred.
ensureBoqItemNameColumn	BOQ item_name is null and description is nonempty: fills item_name using the first four words of description.	No direct stock-row write.
seedDatabase	When no DPR exists: creates an example DPR with equipment, labour, progress and materials. Also invokes the separately listed DPR/stock repairs even when DPR data exists.	Empty-database branch not proved to have run in the window; normal DPR creation can have operational side effects. Its child repair jobs are listed separately.
seedPlantMasterData	When getPlantMaterials returns no materials: creates default materials, BC/DBM mix templates and generators.	Master-data initialization, not an existing-stock repair.
seedPlanningMasters	When planning master sections are empty: inserts default planning equipment/labour records.	No direct stock-row write.
seedPlanningMorthDefaults	When planning equipment types are empty in the background runner: inserts MoRTH planning equipment/labour defaults.	No direct stock-row write.
seedSnlItems	When stored snl_seed_version differs: invokes seedSnlMorthSdb and updates the version marker. Also invokes bundle import, global remap and composite backfill on startup regardless of version mismatch.	SNL/BOQ metadata, not stock rows directly.
seedSnlFromBundles	Imports bundled SNL sector files not already represented in the database.	SNL metadata, not stock rows directly.
autoMapAllUnmappedItems	After SNL startup seeding: attempts global mapping of unmapped BOQ items against available SNL data.	BOQ mapping metadata, not stock rows directly.
backfillCompositeDetection	After SNL startup seeding: reclassifies eligible auto-mapped BOQ items when composite detection recognizes them.	BOQ classification metadata, not stock rows directly.
ensureVendorBillPaymentColumns	Schema setup inserts a schema-ready app_settings marker if missing, in addition to additive payment-column DDL.	No stock-row write or saved bill amount recalculation in this setup method.
