schema_name,table_name,sequence_schema,sequence_name,last_value,is_called,max_id,gap,seqincrement,seqcache,seqcycle,next_candidate,immediate_collision
public,activity_personnel,public,activity_personnel_id_seq,8,true,8,0,1,1,false,9,false
public,admin_notifications,public,admin_notifications_id_seq,87,true,87,0,1,1,false,88,false
public,app_settings,public,app_settings_id_seq,39,true,37,2,1,1,false,40,false
public,attachment_links,public,attachment_links_id_seq,1,false,,,1,1,false,1,false
public,attachments,public,attachments_id_seq,33,true,33,0,1,1,false,34,false
public,audit_logs,public,audit_logs_id_seq,338,true,338,0,1,1,false,339,false
public,bitumen_dip_readings,public,bitumen_dip_readings_id_seq,7,true,7,0,1,1,false,8,false
public,bitumen_heating_sessions,public,bitumen_heating_sessions_id_seq,1,true,1,0,1,1,false,2,false
public,boq_categories,public,boq_categories_id_seq,24,true,,,1,1,false,25,false
public,boq_item_equipment,public,boq_item_equipment_id_seq,10933,true,10919,14,1,1,false,10934,false
public,boq_item_labour,public,boq_item_labour_id_seq,14418,true,14412,6,1,1,false,14419,false
public,boq_item_materials,public,boq_item_materials_id_seq,2388,true,2380,8,1,1,false,2389,false
public,boq_items,public,boq_items_id_seq,1179,true,1156,23,1,1,false,1180,false
public,boq_material_mappings,public,boq_material_mappings_id_seq,11,true,11,0,1,1,false,12,false
public,boq_mix_template_links,public,boq_mix_template_links_id_seq,10,true,6,4,1,1,false,11,false
public,boq_program_settings,public,boq_program_settings_id_seq,160,true,1,159,1,1,false,161,false
public,boq_projects,public,boq_projects_id_seq,17,true,2,15,1,1,false,18,false
public,boq_revision_items,public,boq_revision_items_id_seq,1,true,,,1,1,false,2,false
public,boq_revisions,public,boq_revisions_id_seq,1,true,,,1,1,false,2,false
public,concrete_estimates,public,concrete_estimates_id_seq,1,true,1,0,1,1,false,2,false
public,concrete_estimates_v2,public,concrete_estimates_v2_id_seq,4,true,4,0,1,1,false,5,false
public,consumption_audit_log,public,consumption_audit_log_id_seq,8,true,8,0,1,1,false,9,false
public,cut_fill_consumptions,public,cut_fill_consumptions_id_seq,1,false,,,1,1,false,1,false
public,cut_fill_opening_balances,public,cut_fill_opening_balances_id_seq,1,false,,,1,1,false,1,false
public,diesel_requirement_items,public,diesel_requirement_items_id_seq,11,true,7,4,1,1,false,12,false
public,diesel_requirements,public,diesel_requirements_id_seq,8,true,4,4,1,1,false,9,false
public,dpr_draft_stoppages,public,dpr_draft_stoppages_id_seq,6,true,1,5,1,1,false,7,false
public,dpr_structure_items,public,dpr_structure_items_id_seq,4,true,,,1,1,false,5,false
public,dpr_versions,public,dpr_versions_id_seq,17,true,17,0,1,1,false,18,false
public,dprs,public,dprs_id_seq,261,true,260,1,1,1,false,262,false
public,earthwork_arrangement_programme_allocations,public,earthwork_arrangement_programme_allocations_id_seq,22,true,22,0,1,1,false,23,false
public,earthwork_arrangements,public,earthwork_arrangements_id_seq,46,true,8,38,1,1,false,47,false
public,earthwork_baselines,public,earthwork_baselines_id_seq,1,false,,,1,1,false,1,false
public,earthwork_forecasts,public,earthwork_forecasts_id_seq,1,false,,,1,1,false,1,false
public,edit_permission_requests,public,edit_permission_requests_id_seq,4,true,4,0,1,1,false,5,false
public,equipment_activity_allocations,public,equipment_activity_allocations_id_seq,4,true,4,0,1,1,false,5,false
public,equipment_activity_segment_boq_items,public,equipment_activity_segment_boq_items_id_seq,18,true,12,6,1,1,false,19,false
public,equipment_activity_segments,public,equipment_activity_segments_id_seq,14,true,8,6,1,1,false,15,false
public,equipment_logs,public,equipment_logs_id_seq,539,true,538,1,1,1,false,540,false
public,equipment_maintenance_logs,public,equipment_maintenance_logs_id_seq,7,true,1,6,1,1,false,8,false
public,equipment_master,public,equipment_master_id_seq,43,true,38,5,1,1,false,44,false
public,equipment_usage,public,equipment_usage_id_seq,83,true,79,4,1,1,false,84,false
public,generator_logs,public,generator_logs_id_seq,2,true,2,0,1,1,false,3,false
public,hire_statement_exceptions,public,hire_statement_exceptions_id_seq,1,true,,,1,1,false,2,false
public,hire_statements,public,hire_statements_id_seq,1,true,,,1,1,false,2,false
public,internal_requisition_items,public,internal_requisition_items_id_seq,38,true,38,0,1,1,false,39,false
public,internal_requisitions,public,internal_requisitions_id_seq,38,true,38,0,1,1,false,39,false
public,irn_audit_logs,public,irn_audit_logs_id_seq,45,true,45,0,1,1,false,46,false
public,labour_log_workers,public,labour_log_workers_id_seq,24,true,24,0,1,1,false,25,false
public,labour_logs,public,labour_logs_id_seq,180,true,180,0,1,1,false,181,false
public,ldo_dip_readings,public,ldo_dip_readings_id_seq,3,true,3,0,1,1,false,4,false
public,ldo_flow_readings,public,ldo_flow_readings_id_seq,965,true,965,0,1,1,false,966,false
public,ldo_logs,public,ldo_logs_id_seq,1,true,,,1,1,false,2,false
public,maintenance_parts_used,public,maintenance_parts_used_id_seq,1,false,,,1,1,false,1,false
public,material_issues,public,material_issues_id_seq,29,true,29,0,1,1,false,30,false
public,material_logs,public,material_logs_id_seq,177,true,177,0,1,1,false,178,false
public,material_opening_stocks,public,material_opening_stocks_id_seq,8,true,8,0,1,1,false,9,false
public,material_receipts,public,material_receipts_id_seq,66,true,66,0,1,1,false,67,false
public,material_requirement_allocations,public,material_requirement_allocations_id_seq,1,false,,,1,1,false,1,false
public,material_requirements,public,material_requirements_id_seq,1,true,1,0,1,1,false,2,false
public,material_returns,public,material_returns_id_seq,2,true,2,0,1,1,false,3,false
public,material_uom_conversions,public,material_uom_conversions_id_seq,1,true,1,0,1,1,false,2,false
public,mix_estimates,public,mix_estimates_id_seq,9,true,9,0,1,1,false,10,false
public,mix_template_components,public,mix_template_components_id_seq,80,true,80,0,1,1,false,81,false
public,mix_templates,public,mix_templates_id_seq,4,true,4,0,1,1,false,5,false
public,mix_types,public,mix_types_id_seq,6,true,6,0,1,1,false,7,false
public,parties,public,parties_id_seq,5,true,5,0,1,1,false,6,false
public,pending_plant_receipts,public,pending_plant_receipts_id_seq,1,false,,,1,1,false,1,false
public,personnel,public,personnel_id_seq,4,true,4,0,1,1,false,5,false
public,pi_item_transactions,public,pi_item_transactions_id_seq,11,true,11,0,1,1,false,12,false
public,planning_equipment_types,public,planning_equipment_types_id_seq,37,true,37,0,1,1,false,38,false
public,planning_labour_types,public,planning_labour_types_id_seq,26,true,26,0,1,1,false,27,false
public,plant_heating_session_versions,public,plant_heating_session_versions_id_seq,5,true,5,0,1,1,false,6,false
public,plant_materials,public,plant_materials_id_seq,22,true,22,0,1,1,false,23,false
public,plant_production,public,plant_production_id_seq,13,true,,,1,1,false,14,false
public,plant_reports,public,plant_reports_id_seq,1,true,,,1,1,false,2,false
public,plant_settings,public,plant_settings_id_seq,2,true,2,0,1,1,false,3,false
public,plant_shift_log_idle,public,plant_shift_log_idle_id_seq,1,false,,,1,1,false,1,false
public,plant_shift_log_manpower,public,plant_shift_log_manpower_id_seq,1,false,,,1,1,false,1,false
public,plant_shift_log_manpower_alias_activity,public,plant_shift_log_manpower_alias_activity_id_seq,1,false,,,1,1,false,1,false
public,plant_shift_log_manpower_custom_aliases,public,plant_shift_log_manpower_custom_aliases_id_seq,1,false,,,1,1,false,1,false
public,plant_shift_log_manpower_dismissed_dups,public,plant_shift_log_manpower_dismissed_dups_id_seq,1,false,,,1,1,false,1,false
public,plant_shift_log_manpower_dup_activity,public,plant_shift_log_manpower_dup_activity_id_seq,1,false,,,1,1,false,1,false
public,plant_shift_log_manpower_relabel_batches,public,plant_shift_log_manpower_relabel_batches_id_seq,1,false,,,1,1,false,1,false
public,plant_shift_log_manpower_relabel_snapshots,public,plant_shift_log_manpower_relabel_snapshots_id_seq,1,false,,,1,1,false,1,false
public,plant_shift_log_versions,public,plant_shift_log_versions_id_seq,2,true,2,0,1,1,false,3,false
public,plant_shift_logs,public,plant_shift_logs_id_seq,4,true,4,0,1,1,false,5,false
public,plant_versions,public,plant_versions_id_seq,2,true,2,0,1,1,false,3,false
public,price_scenarios,public,price_scenarios_id_seq,9,true,9,0,1,1,false,10,false
public,programme_bar_outcome_events,public,programme_bar_outcome_events_id_seq,5,true,5,0,1,1,false,6,false
public,progress_entries,public,progress_entries_id_seq,293,true,293,0,1,1,false,294,false
public,project_scope_segments,public,project_scope_segments_id_seq,19,true,13,6,1,1,false,20,false
public,purchase_indent_item_history,public,purchase_indent_item_history_id_seq,2,true,2,0,1,1,false,3,false
public,purchase_indent_items,public,purchase_indent_items_id_seq,28,true,28,0,1,1,false,29,false
public,purchase_indents,public,purchase_indents_id_seq,15,true,15,0,1,1,false,16,false
public,purchase_orders,public,purchase_orders_id_seq,1,false,,,1,1,false,1,false
public,push_subscriptions,public,push_subscriptions_id_seq,5,true,5,0,1,1,false,6,false
public,record_unlock_log,public,record_unlock_log_id_seq,1,false,,,1,1,false,1,false
public,rmc_batch_records,public,rmc_batch_records_id_seq,3,true,3,0,1,1,false,4,false
public,rmc_cube_tests,public,rmc_cube_tests_id_seq,1,false,,,1,1,false,1,false
public,rmc_mix_designs,public,rmc_mix_designs_id_seq,4,true,4,0,1,1,false,5,false
public,rmc_raw_material_receipts,public,rmc_raw_material_receipts_id_seq,1,false,,,1,1,false,1,false
public,road_geometry_profiles,public,road_geometry_profiles_id_seq,3,true,,,1,1,false,4,false
public,service_completions,public,service_completions_id_seq,1,false,,,1,1,false,1,false
public,site_material_trips,public,site_material_trips_id_seq,16,true,16,0,1,1,false,17,false
public,site_purchases,public,site_purchases_id_seq,5,true,,,1,1,false,6,false
public,site_requirements,public,site_requirements_id_seq,15,true,6,9,1,1,false,16,false
public,sites,public,sites_id_seq,27,true,19,8,1,1,false,28,false
public,snl_boq_mappings,public,snl_boq_mappings_id_seq,29601,true,25164,4437,1,1,false,29602,false
public,snl_composite_components,public,snl_composite_components_id_seq,23693,true,,,1,1,false,23694,false
public,snl_import_log,public,snl_import_log_id_seq,12,true,12,0,1,1,false,13,false
public,snl_item_equipment,public,snl_item_equipment_id_seq,5376,true,5376,0,1,1,false,5377,false
public,snl_item_labour,public,snl_item_labour_id_seq,6557,true,6557,0,1,1,false,6558,false
public,snl_item_materials,public,snl_item_materials_id_seq,4426,true,4426,0,1,1,false,4427,false
public,snl_item_productivity,public,snl_item_productivity_id_seq,2596,true,2596,0,1,1,false,2597,false
public,snl_items,public,snl_items_id_seq,2191,true,2188,3,1,1,false,2192,false
public,snl_mix_override_materials,public,snl_mix_override_materials_id_seq,1,false,,,1,1,false,1,false
public,snl_mix_overrides,public,snl_mix_overrides_id_seq,1,false,,,1,1,false,1,false
public,snl_sources,public,snl_sources_id_seq,21,true,17,4,1,1,false,22,false
public,stock_balances,public,stock_balances_id_seq,23,true,23,0,1,1,false,24,false
public,stock_ledger,public,stock_ledger_id_seq,330465,true,330465,0,1,1,false,330466,false
public,stock_reconciliation_items,public,stock_reconciliation_items_id_seq,6,true,,,1,1,false,7,false
public,stock_reconciliation_sessions,public,stock_reconciliation_sessions_id_seq,6,true,,,1,1,false,7,false
public,store_grn_items,public,store_grn_items_id_seq,6,true,6,0,1,1,false,7,false
public,store_grns,public,store_grns_id_seq,5,true,5,0,1,1,false,6,false
public,store_issue_items,public,store_issue_items_id_seq,4,true,4,0,1,1,false,5,false
public,store_issues,public,store_issues_id_seq,4,true,4,0,1,1,false,5,false
public,store_items,public,store_items_id_seq,11,true,11,0,1,1,false,12,false
public,truck_dispatches,public,truck_dispatches_id_seq,29,true,29,0,1,1,false,30,false
public,user_devices,public,user_devices_id_seq,223,true,214,9,1,1,false,224,false
public,user_permissions,public,user_permissions_id_seq,13317,true,2435,10882,1,1,false,13318,false
public,user_sessions,public,user_sessions_id_seq,492,true,385,107,1,1,false,493,false
public,user_site_access,public,user_site_access_id_seq,96,true,21,75,1,1,false,97,false
public,users,public,users_id_seq,94,true,16,78,1,1,false,95,false
public,vendor_aliases,public,vendor_aliases_id_seq,3,true,3,0,1,1,false,4,false
public,vendor_bill_items,public,vendor_bill_items_id_seq,401,true,401,0,1,1,false,402,false
public,vendor_bills,public,vendor_bills_id_seq,47,true,46,1,1,1,false,48,false
public,vendor_rate_cards,public,vendor_rate_cards_id_seq,77,true,75,2,1,1,false,78,false
public,vendors,public,vendors_id_seq,2,true,,,1,1,false,3,false
public,work_program_bars,public,work_program_bars_id_seq,26644,true,26642,2,1,1,false,26645,false
