table_name,sequence_name,last_value,is_called,max_id,increment,next_candidate,immediate_collision,gap
_system.replit_database_migrations_v1,_system.replit_database_migrations_v1_id_seq,123,t,123,1,124,f,0
public.activity_personnel,public.activity_personnel_id_seq,7,t,7,1,8,f,0
public.admin_notifications,public.admin_notifications_id_seq,554,t,554,1,555,f,0
public.app_settings,public.app_settings_id_seq,34,t,34,1,35,f,0
public.attachment_links,public.attachment_links_id_seq,30,t,30,1,31,f,0
public.attachments,public.attachments_id_seq,64,t,64,1,65,f,0
public.audit_logs,public.audit_logs_id_seq,1467,t,1467,1,1468,f,0
public.bitumen_dip_readings,public.bitumen_dip_readings_id_seq,199,t,199,1,200,f,0
public.bitumen_heating_sessions,public.bitumen_heating_sessions_id_seq,23,t,23,1,24,f,0
public.boq_categories,public.boq_categories_id_seq,4,t,4,1,5,f,0
public.boq_item_equipment,public.boq_item_equipment_id_seq,323,t,323,1,324,f,0
public.boq_item_labour,public.boq_item_labour_id_seq,243,t,243,1,244,f,0
public.boq_item_materials,public.boq_item_materials_id_seq,181,t,181,1,182,f,0
public.boq_items,public.boq_items_id_seq,42,t,42,1,43,f,0
public.boq_material_mappings,public.boq_material_mappings_id_seq,1,f,,1,1,f,
public.boq_mix_template_links,public.boq_mix_template_links_id_seq,6,t,6,1,7,f,0
public.boq_program_settings,public.boq_program_settings_id_seq,57,t,37,1,58,f,20
public.boq_projects,public.boq_projects_id_seq,3,t,3,1,4,f,0
public.boq_revision_items,public.boq_revision_items_id_seq,5,t,5,1,6,f,0
public.boq_revisions,public.boq_revisions_id_seq,3,t,3,1,4,f,0
public.concrete_estimates,public.concrete_estimates_id_seq,2,t,1,1,3,f,1
public.concrete_estimates_v2,public.concrete_estimates_v2_id_seq,1,t,1,1,2,f,0
public.consumption_audit_log,public.consumption_audit_log_id_seq,99,t,99,1,100,f,0
public.cut_fill_consumptions,public.cut_fill_consumptions_id_seq,1,f,,1,1,f,
public.cut_fill_opening_balances,public.cut_fill_opening_balances_id_seq,1,t,1,1,2,f,0
public.diesel_requirement_items,public.diesel_requirement_items_id_seq,244,t,244,1,245,f,0
public.diesel_requirements,public.diesel_requirements_id_seq,70,t,70,1,71,f,0
public.dpr_draft_stoppages,public.dpr_draft_stoppages_id_seq,1,f,,1,1,f,
public.dpr_structure_items,public.dpr_structure_items_id_seq,1,f,,1,1,f,
public.dpr_versions,public.dpr_versions_id_seq,248,t,239,1,249,f,9
public.dprs,public.dprs_id_seq,443,t,443,1,444,f,0
public.earthwork_arrangement_programme_allocations,public.earthwork_arrangement_programme_allocations_id_seq,6,t,6,1,7,f,0
public.earthwork_arrangements,public.earthwork_arrangements_id_seq,3,t,3,1,4,f,0
public.earthwork_baselines,public.earthwork_baselines_id_seq,1,f,,1,1,f,
public.earthwork_forecasts,public.earthwork_forecasts_id_seq,1,f,,1,1,f,
public.edit_permission_requests,public.edit_permission_requests_id_seq,5,t,5,1,6,f,0
public.equipment_activity_allocations,public.equipment_activity_allocations_id_seq,1,f,,1,1,f,
public.equipment_activity_segment_boq_items,public.equipment_activity_segment_boq_items_id_seq,260,t,260,1,261,f,0
public.equipment_activity_segments,public.equipment_activity_segments_id_seq,235,t,235,1,236,f,0
public.equipment_logs,public.equipment_logs_id_seq,1176,t,1176,1,1177,f,0
public.equipment_maintenance_logs,public.equipment_maintenance_logs_id_seq,1,t,1,1,2,f,0
public.equipment_master,public.equipment_master_id_seq,56,t,56,1,57,f,0
public.equipment_usage,public.equipment_usage_id_seq,315,t,315,1,316,f,0
public.generator_logs,public.generator_logs_id_seq,18,t,18,1,19,f,0
public.hire_statement_exceptions,public.hire_statement_exceptions_id_seq,1,t,,1,2,f,
public.hire_statements,public.hire_statements_id_seq,1,t,1,1,2,f,0
public.internal_requisition_items,public.internal_requisition_items_id_seq,16,t,16,1,17,f,0
public.internal_requisitions,public.internal_requisitions_id_seq,16,t,16,1,17,f,0
public.irn_audit_logs,public.irn_audit_logs_id_seq,29,t,29,1,30,f,0
public.labour_log_workers,public.labour_log_workers_id_seq,1,f,,1,1,f,
public.labour_logs,public.labour_logs_id_seq,249,t,240,1,250,f,9
public.ldo_dip_readings,public.ldo_dip_readings_id_seq,105,t,105,1,106,f,0
public.ldo_flow_readings,public.ldo_flow_readings_id_seq,8927,t,8927,1,8928,f,0
public.ldo_logs,public.ldo_logs_id_seq,1,t,,1,2,f,
public.maintenance_parts_used,public.maintenance_parts_used_id_seq,1,f,,1,1,f,
public.material_issues,public.material_issues_id_seq,38,t,38,1,39,f,0
public.material_logs,public.material_logs_id_seq,175,t,175,1,176,f,0
public.material_opening_stocks,public.material_opening_stocks_id_seq,10,t,10,1,11,f,0
public.material_receipts,public.material_receipts_id_seq,181,t,181,1,182,f,0
public.material_requirement_allocations,public.material_requirement_allocations_id_seq,1,f,,1,1,f,
public.material_requirements,public.material_requirements_id_seq,1,f,,1,1,f,
public.material_returns,public.material_returns_id_seq,2,t,2,1,3,f,0
public.material_uom_conversions,public.material_uom_conversions_id_seq,1,f,,1,1,f,
public.mix_estimates,public.mix_estimates_id_seq,25,t,25,1,26,f,0
public.mix_template_components,public.mix_template_components_id_seq,86,t,86,1,87,f,0
public.mix_templates,public.mix_templates_id_seq,9,t,9,1,10,f,0
public.mix_types,public.mix_types_id_seq,7,t,7,1,8,f,0
public.parties,public.parties_id_seq,9,t,9,1,10,f,0
public.pending_plant_receipts,public.pending_plant_receipts_id_seq,2,t,2,1,3,f,0
public.personnel,public.personnel_id_seq,7,t,7,1,8,f,0
public.pi_item_transactions,public.pi_item_transactions_id_seq,7,t,7,1,8,f,0
public.planning_equipment_types,public.planning_equipment_types_id_seq,20,t,20,1,21,f,0
public.planning_labour_types,public.planning_labour_types_id_seq,13,t,13,1,14,f,0
public.plant_heating_session_versions,public.plant_heating_session_versions_id_seq,63,t,63,1,64,f,0
public.plant_materials,public.plant_materials_id_seq,18,t,18,1,19,f,0
public.plant_production,public.plant_production_id_seq,1,f,,1,1,f,
public.plant_reports,public.plant_reports_id_seq,1,t,,1,2,f,
public.plant_settings,public.plant_settings_id_seq,1,t,1,1,2,f,0
public.plant_shift_log_idle,public.plant_shift_log_idle_id_seq,15,t,15,1,16,f,0
public.plant_shift_log_manpower,public.plant_shift_log_manpower_id_seq,91,t,91,1,92,f,0
public.plant_shift_log_manpower_alias_activity,public.plant_shift_log_manpower_alias_activity_id_seq,1,f,,1,1,f,
public.plant_shift_log_manpower_custom_aliases,public.plant_shift_log_manpower_custom_aliases_id_seq,1,f,,1,1,f,
public.plant_shift_log_manpower_dismissed_dups,public.plant_shift_log_manpower_dismissed_dups_id_seq,1,f,,1,1,f,
public.plant_shift_log_manpower_dup_activity,public.plant_shift_log_manpower_dup_activity_id_seq,1,f,,1,1,f,
public.plant_shift_log_manpower_relabel_batches,public.plant_shift_log_manpower_relabel_batches_id_seq,1,f,,1,1,f,
public.plant_shift_log_manpower_relabel_snapshots,public.plant_shift_log_manpower_relabel_snapshots_id_seq,1,f,,1,1,f,
public.plant_shift_log_versions,public.plant_shift_log_versions_id_seq,59,t,59,1,60,f,0
public.plant_shift_logs,public.plant_shift_logs_id_seq,16,t,16,1,17,f,0
public.plant_versions,public.plant_versions_id_seq,1,f,,1,1,f,
public.price_scenarios,public.price_scenarios_id_seq,22,t,22,1,23,f,0
public.programme_bar_outcome_events,public.programme_bar_outcome_events_id_seq,17,t,17,1,18,f,0
public.progress_entries,public.progress_entries_id_seq,731,t,731,1,732,f,0
public.project_scope_segments,public.project_scope_segments_id_seq,10,t,10,1,11,f,0
public.purchase_indent_item_history,public.purchase_indent_item_history_id_seq,4,t,4,1,5,f,0
public.purchase_indent_items,public.purchase_indent_items_id_seq,25,t,25,1,26,f,0
public.purchase_indents,public.purchase_indents_id_seq,8,t,8,1,9,f,0
public.purchase_orders,public.purchase_orders_id_seq,1,t,1,1,2,f,0
public.push_subscriptions,public.push_subscriptions_id_seq,18,t,17,1,19,f,1
public.record_unlock_log,public.record_unlock_log_id_seq,8,t,8,1,9,f,0
public.rmc_batch_records,public.rmc_batch_records_id_seq,1,f,,1,1,f,
public.rmc_cube_tests,public.rmc_cube_tests_id_seq,1,f,,1,1,f,
public.rmc_mix_designs,public.rmc_mix_designs_id_seq,1,f,,1,1,f,
public.rmc_raw_material_receipts,public.rmc_raw_material_receipts_id_seq,1,f,,1,1,f,
public.road_geometry_profiles,public.road_geometry_profiles_id_seq,2,t,2,1,3,f,0
public.service_completions,public.service_completions_id_seq,1,f,,1,1,f,
public.site_material_trips,public.site_material_trips_id_seq,737,t,737,1,738,f,0
public.site_purchases,public.site_purchases_id_seq,24,t,24,1,25,f,0
public.site_requirements,public.site_requirements_id_seq,15,t,15,1,16,f,0
public.sites,public.sites_id_seq,20,t,20,1,21,f,0
public.snl_boq_mappings,public.snl_boq_mappings_id_seq,187,t,185,1,188,f,2
public.snl_composite_components,public.snl_composite_components_id_seq,10,t,10,1,11,f,0
public.snl_import_log,public.snl_import_log_id_seq,1,t,1,1,2,f,0
public.snl_item_equipment,public.snl_item_equipment_id_seq,1837,t,1837,1,1838,f,0
public.snl_item_labour,public.snl_item_labour_id_seq,3487,t,3487,1,3488,f,0
public.snl_item_materials,public.snl_item_materials_id_seq,2360,t,2360,1,2361,f,0
public.snl_item_productivity,public.snl_item_productivity_id_seq,809,t,809,1,810,f,0
public.snl_items,public.snl_items_id_seq,773,t,773,1,774,f,0
public.snl_mix_override_materials,public.snl_mix_override_materials_id_seq,1,f,,1,1,f,
public.snl_mix_overrides,public.snl_mix_overrides_id_seq,1,f,,1,1,f,
public.snl_sources,public.snl_sources_id_seq,5,t,5,1,6,f,0
public.stock_balances,public.stock_balances_id_seq,31,t,31,1,32,f,0
public.stock_ledger,public.stock_ledger_id_seq,266441,t,266405,1,266442,f,36
public.stock_reconciliation_items,public.stock_reconciliation_items_id_seq,15,t,15,1,16,f,0
public.stock_reconciliation_sessions,public.stock_reconciliation_sessions_id_seq,3,t,3,1,4,f,0
public.store_grn_items,public.store_grn_items_id_seq,1,t,,1,2,f,
public.store_grns,public.store_grns_id_seq,1,t,,1,2,f,
public.store_issue_items,public.store_issue_items_id_seq,1,f,,1,1,f,
public.store_issues,public.store_issues_id_seq,1,f,,1,1,f,
public.store_items,public.store_items_id_seq,10,t,7,1,11,f,3
public.truck_dispatches,public.truck_dispatches_id_seq,65,t,65,1,66,f,0
public.user_devices,public.user_devices_id_seq,56,t,56,1,57,f,0
public.user_permissions,public.user_permissions_id_seq,9061,t,9061,1,9062,f,0
public.user_sessions,public.user_sessions_id_seq,1188,t,1188,1,1189,f,0
public.user_site_access,public.user_site_access_id_seq,38,t,38,1,39,f,0
public.users,public.users_id_seq,6,t,6,1,7,f,0
public.vendor_aliases,public.vendor_aliases_id_seq,12,t,12,1,13,f,0
public.vendor_bill_items,public.vendor_bill_items_id_seq,587,t,587,1,588,f,0
public.vendor_bills,public.vendor_bills_id_seq,50,t,50,1,51,f,0
public.vendor_rate_cards,public.vendor_rate_cards_id_seq,87,t,87,1,88,f,0
public.vendors,public.vendors_id_seq,7,t,7,1,8,f,0
public.work_program_bars,public.work_program_bars_id_seq,959,t,959,1,960,f,0
