method,path,permissionKeys,middleware,guards,source
"POST","/api/auth/login","","","isBootstrapUser && user.isAdmin","server/auth-routes.ts:156"
"GET","/api/auth/me","","","","server/auth-routes.ts:291"
"GET","/api/auth/session","","","","server/auth-routes.ts:292"
"PATCH","/api/auth/me","","requireAuth","","server/auth-routes.ts:295"
"PUT","/api/auth/me/notify-preferences","","requireAuth","","server/auth-routes.ts:312"
"POST","/api/auth/logout","","","","server/auth-routes.ts:334"
"GET","/api/auth/device-status","","","","server/auth-routes.ts:351"
"POST","/api/auth/claim-device","","","","server/auth-routes.ts:374"
"GET","/api/auth/users","","requireAuth / requireUserMgmt(""view"")","requireUserMgmt(""view"")","server/auth-routes.ts:438"
"GET","/api/auth/users/basic","","requireAuth","","server/auth-routes.ts:446"
"POST","/api/auth/users","","requireAuth / requireUserMgmt(""create"")","requireUserMgmt(""create"") / input.isAdmin && !req.authUser!.isAdmin / !u.isAdmin","server/auth-routes.ts:568"
"POST","/api/auth/users/:id/complete-setup","","requireAuth / requireUserMgmt(""create"")","requireUserMgmt(""create"") / !req.authUser!.isAdmin && (u.isAdmin || u.isOwner)","server/auth-routes.ts:613"
"PATCH","/api/auth/users/:id","","requireAuth / requireUserMgmt(""edit"")","requireUserMgmt(""edit"") / !actor.isAdmin / current.isAdmin || current.isOwner / input.isAdmin !== undefined || input.canManagePermissions !== undefined || input.permissionManagerScope !== undefined / input.isAdmin === false || input.isActive === false / current.isAdmin","server/auth-routes.ts:637"
"POST","/api/auth/users/:id/password","","requireAuth / requireUserMgmt(""edit"")","requireUserMgmt(""edit"")","server/auth-routes.ts:709"
"GET","/api/auth/users/:id/permissions","","requireAuth / requireUserMgmt(""view"")","requireUserMgmt(""view"")","server/auth-routes.ts:724"
"PUT","/api/auth/users/:id/permissions","","requireAuth / requireUserMgmt(""edit"")","requireUserMgmt(""edit"") / !actor.isAdmin && u.isAdmin","server/auth-routes.ts:732"
"GET","/api/auth/users/:id/site-access","","requireAuth / requireUserMgmt(""view"")","requireUserMgmt(""view"")","server/auth-routes.ts:778"
"PUT","/api/auth/users/:id/site-access","","requireAuth / requireUserMgmt(""edit"")","requireUserMgmt(""edit"") / !req.authUser!.isAdmin && (u.isAdmin || u.isOwner)","server/auth-routes.ts:795"
"GET","/api/auth/users/site-access-audit","","requireAuth / requireUserMgmt(""view"")","requireUserMgmt(""view"") / u.isAdmin || u.isOwner","server/auth-routes.ts:835"
"POST","/api/auth/users/:id/copy-permissions","","requireAuth / requireUserMgmt(""edit"")","requireUserMgmt(""edit"")","server/auth-routes.ts:862"
"GET","/api/auth/devices","","requireAuth / requireDeviceMgmt(""view"")","requireDeviceMgmt(""view"")","server/auth-routes.ts:880"
"POST","/api/auth/devices/:id/approve","","requireAuth / requireDeviceMgmt(""edit"")","requireDeviceMgmt(""edit"")","server/auth-routes.ts:903"
"POST","/api/auth/devices/:id/revoke","","requireAuth / requireDeviceMgmt(""edit"")","requireDeviceMgmt(""edit"")","server/auth-routes.ts:916"
"GET","/api/admin/management-report/accessible-sites","reports; report_management; admin_settings","...mgmtAuth","!req.authUser / !isAdmin","server/management-report.ts:101"
"GET","/api/admin/management-report/materials","","...mgmtAuth","assertViewReportOrAdmin(req, res)","server/management-report.ts:136"
"GET","/api/admin/management-report/production","","...mgmtAuth","assertViewReportOrAdmin(req, res)","server/management-report.ts:269"
"GET","/api/admin/management-report/fuel","","...mgmtAuth","assertViewReportOrAdmin(req, res)","server/management-report.ts:341"
"GET","/api/admin/management-report/labour","","...mgmtAuth","assertViewReportOrAdmin(req, res)","server/management-report.ts:451"
"GET","/api/admin/management-report/financials","","...mgmtAuth","assertViewReportOrAdmin(req, res)","server/management-report.ts:496"
"POST","/api/uploads/request-url","","","","server/replit_integrations/object_storage/routes.ts:38"
"GET","/objects/:objectPath(*)","","","","server/replit_integrations/object_storage/routes.ts:73"
"GET","/api/config","","","","server/routes.ts:286"
"GET","/api/admin/branding","","requireAuth","","server/routes.ts:295"
"GET","/api/admin/licensed-modules","","requireAuth","","server/routes.ts:305"
"POST","/api/admin/licensed-modules","","requireAuth","assertAdmin(req, res)","server/routes.ts:315"
"POST","/api/admin/branding","","requireAuth","assertAdmin(req, res)","server/routes.ts:332"
"USE","/objects","","","","server/routes.ts:362"
"USE","/api/uploads","","","","server/routes.ts:363"
"USE","/api","","","requireAuth(req, res, next)","server/routes.ts:372"
"POST","/api/estimator/session","","","","server/routes.ts:386"
"GET","/api/estimator/session","","","","server/routes.ts:409"
"DELETE","/api/estimator/session","","","","server/routes.ts:416"
"GET","/mix-calculator/login","","","","server/routes.ts:422"
"GET","/mix-calculator","mix_calculator","","","server/routes.ts:427"
"GET","/api/dprs/labour-contractors","","","!req.authUser / !req.authUser.isAdmin && !req.authUser.isOwner && ![""view"", ""create"", ""edit""].some(action => (req.authPermissions?.site_dprs as any)?.[action]) / assertTripSiteAccess(req, res, site)","server/routes.ts:565"
"GET","/api/dprs/with-details","","","","server/routes.ts:596"
"GET","/api/dprs/material-summary","","","","server/routes.ts:685"
"GET","/api/materials/suppliers","","","","server/routes.ts:710"
"GET","/api/site-material-trips/suggestions","site_materials","","assertSiteMaterialSuggestionsAccess(req, res) / assertTripSiteAccess(req, res, site)","server/routes.ts:722"
"PATCH","/api/site-material-trips/vehicle-supplier","site_materials","","assertEdit(req, res, ""site_materials"") / assertTripSiteAccess(req, res, site)","server/routes.ts:755"
"GET","/api/materials-received","","","","server/routes.ts:802"
"GET","/api/site-material-trips","","","","server/routes.ts:822"
"POST","/api/site-material-trips/material-source/bulk","site_materials","","assertEdit(req, res, ""site_materials"") / assertTripSiteAccess(req, res, input.site)","server/routes.ts:850"
"GET","/api/site-material-trips/vendor-options","site_materials","","assertEdit(req, res, ""site_materials"") / assertTripSiteAccess(req, res, site)","server/routes.ts:897"
"GET","/api/site-material-trips/arrangement-options","site_materials","","assertEdit(req, res, ""site_materials"") / assertTripSiteAccess(req, res, site)","server/routes.ts:908"
"GET","/api/procurement/applicable-pi","","requireAuth","","server/routes.ts:942"
"POST","/api/site-material-trips","site_materials","","assertCreate(req, res, ""site_materials"") / assertTripSiteAccess(req, res, input.site)","server/routes.ts:1043"
"PATCH","/api/site-material-trips/:id","site_materials","","assertEdit(req, res, ""site_materials"") / assertTripSiteAccess(req, res, existing.site) / assertTripSiteAccess(req, res, input.site)","server/routes.ts:1076"
"DELETE","/api/site-material-trips/:id","","","assertAdmin(req, res)","server/routes.ts:1132"
"POST","/api/site-material-trips/:id/cancel","site_materials","","assertDeleteOrCancel(req, res, ""site_materials"")","server/routes.ts:1153"
"GET","/api/site-material-stock","","","","server/routes.ts:1180"
"GET","/api/sites","","","req.authUser && !req.authUser.isAdmin","server/routes.ts:1200"
"POST","/api/sites","admin_settings; sites_plants_manage","","assertCreateEither(req, res, ""sites_plants_manage"", ""admin_settings"")","server/routes.ts:1219"
"PATCH","/api/sites/:id","admin_settings; sites_plants_manage","","assertEditEither(req, res, ""sites_plants_manage"", ""admin_settings"")","server/routes.ts:1233"
"DELETE","/api/sites/:id","","","assertAdmin(req, res)","server/routes.ts:1245"
"POST","/api/sites/seed","admin_settings; sites_plants_manage","","assertCreateEither(req, res, ""sites_plants_manage"", ""admin_settings"")","server/routes.ts:1257"
"POST","/api/edit-requests","","requireAuth","u.isAdmin || u.isOwner","server/routes.ts:1279"
"GET","/api/edit-requests/pending","edit_requests_review","requireAuth","assertView(req, res, ""edit_requests_review"")","server/routes.ts:1329"
"GET","/api/edit-requests/mine","","requireAuth","","server/routes.ts:1342"
"GET","/api/edit-requests/check","","requireAuth","","server/routes.ts:1353"
"POST","/api/edit-requests/:id/approve","edit_requests_review","requireAuth","assertApprove(req, res, ""edit_requests_review"")","server/routes.ts:1370"
"POST","/api/edit-requests/:id/deny","edit_requests_review","requireAuth","assertApprove(req, res, ""edit_requests_review"")","server/routes.ts:1398"
"POST","/api/edit-requests/:id/consume","","requireAuth","reqRecord.requestedBy !== req.authUser!.id","server/routes.ts:1417"
"GET","/api/attachments","","","assertDieselOrStoresView(req, res) / !req.authUser / assertMaintenanceRecordAccess(req, res, linkedRecordId, true)","server/routes.ts:1434"
"GET","/api/attachments/counts","","","assertDieselOrStoresView(req, res) / !req.authUser / assertMaintenanceRecordAccess(req, res, id, true)","server/routes.ts:1453"
"POST","/api/attachments","site_diesel; diesel_req_raise; plant_equipment","","!req.authUser / assertEditEither(req, res, ""site_diesel"", ""diesel_req_raise"") / assertCreateOrEdit(req, res, ""plant_equipment"") / assertMaintenanceRecordAccess(req, res, parsed.linkedRecordId, true)","server/routes.ts:1483"
"DELETE","/api/attachments/:id","site_dprs; site_materials; purchase_indents_raise; site_diesel; diesel_req_raise; irn_raise; plant_equipment; plant_production; plant_materials; rmc_cube_tests; vendor_bills_raise; stores_inventory","","!req.authUser / assertDeleteEither(req, res, ""site_diesel"", ""diesel_req_raise"") / assertDelete(req, res, ""site_dprs"") / assertDelete(req, res, ""plant_materials"") / assertDelete(req, res, ""site_materials"") / assertDelete(req, res, ""irn_raise"") / assertDelete(req, res, ""purchase_indents_raise"") / assertDelete(req, res, ""stores_inventory"") / assertDelete(req, res, ""vendor_bills_raise"") / assertDelete(req, res, ""plant_production"") / assertDelete(req, res, ""plant_equipment"") / assertDelete(req, res, ""rmc_cube_tests"") / assertMaintenanceRecordAccess(req, res, attachment.linkedRecordId, true)","server/routes.ts:1534"
"GET","/api/personnel","","","","server/routes.ts:1576"
"POST","/api/personnel","site_dprs; master_personnel","","!req.authUser","server/routes.ts:1586"
"PATCH","/api/personnel/:id","master_personnel","","assertEdit(req, res, ""master_personnel"")","server/routes.ts:1621"
"PATCH","/api/personnel/:id/toggle-active","master_personnel","","assertEdit(req, res, ""master_personnel"")","server/routes.ts:1634"
"DELETE","/api/personnel/:id","","","assertAdmin(req, res)","server/routes.ts:1645"
"GET","/api/site-purchases","","","","server/routes.ts:1665"
"PUT","/api/site-purchases/:id","site_materials; report_site_purchases","","assertEdit(req, res, ""report_site_purchases"") / existing && existing.documentStatus === ""submitted"" && !isOwnerOrAdmin","server/routes.ts:1681"
"POST","/api/site-purchases/:id/cancel","site_materials","","assertDeleteOrCancel(req, res, ""site_materials"")","server/routes.ts:1733"
"POST","/api/site-purchases/:id/final-submit","site_materials","","assertEdit(req, res, ""site_materials"") / !isOwnerOrAdmin / requiredTypes.includes((d as any).docType)","server/routes.ts:1762"
"GET","/api/notifications","","","","server/routes.ts:1801"
"GET","/api/notifications/unread-count","","","","server/routes.ts:1810"
"POST","/api/notifications","admin_settings; admin_notifications_manage","","assertCreateEither(req, res, ""admin_notifications_manage"", ""admin_settings"")","server/routes.ts:1819"
"PATCH","/api/notifications/:id/read","dashboard","","assertEdit(req, res, ""dashboard"")","server/routes.ts:1836"
"PATCH","/api/notifications/read-all","dashboard","","assertEdit(req, res, ""dashboard"")","server/routes.ts:1846"
"DELETE","/api/notifications/:id","","","assertAdmin(req, res)","server/routes.ts:1856"
"GET","/api/push/vapid-key","","","","server/routes.ts:1870"
"POST","/api/push/subscribe","dashboard","requireAuth","assertEdit(req, res, ""dashboard"") / !user?.notificationsEnabled && !user?.isAdmin","server/routes.ts:1875"
"DELETE","/api/push/unsubscribe","dashboard","requireAuth","assertDelete(req, res, ""dashboard"")","server/routes.ts:1915"
"GET","/api/push/subscriptions","user_management","requireAuth","assertView(req, res, ""user_management"")","server/routes.ts:1932"
"GET","/api/dprs/chainage-overlap-context","site_dprs","","assertCreate(req, res, ""site_dprs"")","server/routes.ts:1957"
"PATCH","/api/progress-entries/:id/overlap-resolution","site_dprs","requireAuth","assertEdit(req, res, ""site_dprs"")","server/routes.ts:2277"
"POST","/api/dpr-sections/resolve","site_dprs","","assertView(req, res, ""site_dprs"") / candidates.map((row: any) => ({ id: row.id, site: row.site, date: row.date, workType: row.workType, boqProjectId: row.boqProjectId, engineer: row.engineer, lastEditedAt: row.lastEditedAt, createdAt: row.createdAt, }))","server/routes.ts:2637"
"GET","/api/dpr-sections/:id","site_dprs","","assertView(req, res, ""site_dprs"")","server/routes.ts:2652"
"PUT","/api/dpr-sections/:section","site_dprs","","assertCreate(req, res, ""site_dprs"")","server/routes.ts:2663"
"PATCH","/api/dprs/:id/draft","site_dprs","","assertCreate(req, res, ""site_dprs"") / assertSectionTokens(draftSnapshot, req.body)","server/routes.ts:2782"
"POST","/api/admin/change-pin","","","assertAdmin(req, res)","server/routes.ts:3033"
"POST","/api/admin/change-manager-pin","","","assertAdmin(req, res)","server/routes.ts:3043"
"GET","/api/admin/ldo-received-by","","","assertAuthed(req, res)","server/routes.ts:3056"
"POST","/api/admin/ldo-received-by","","","assertAdmin(req, res)","server/routes.ts:3065"
"GET","/api/admin/operator-manual.pdf","","","assertAdmin(req, res)","server/routes.ts:3080"
"GET","/api/admin/estimator-guide.pdf","","","","server/routes.ts:3097"
"GET","/api/admin/admin-guide.pdf","admin_settings","","assertAuthed(req, res) / assertExport(req, res, ""admin_settings"")","server/routes.ts:3118"
"POST","/api/dprs/:id/version","site_dprs","","assertEdit(req, res, ""site_dprs"")","server/routes.ts:3399"
"POST","/api/dprs/:id/clone","site_dprs","","assertEdit(req, res, ""site_dprs"")","server/routes.ts:3729"
"DELETE","/api/dprs/:id","site_dprs","","assertAdmin(req, res)","server/routes.ts:3787"
"POST","/api/dprs/:id/cancel","site_dprs","","assertDeleteOrCancel(req, res, ""site_dprs"")","server/routes.ts:3820"
"GET","/api/plant","","","","server/routes.ts:3849"
"GET","/api/plant/:id","","","","server/routes.ts:3858"
"POST","/api/plant","plant_daily_reports; admin_settings; sites_plants_manage","","assertCreateEither(req, res, ""sites_plants_manage"", ""admin_settings"")","server/routes.ts:3870"
"POST","/api/plant/:id/clone","plant_shift_logs; plant_daily_reports","","assertEdit(req, res, ""plant_shift_logs"")","server/routes.ts:3893"
"PATCH","/api/plant/:id","plant_daily_reports; admin_settings; sites_plants_manage","","assertEditEither(req, res, ""sites_plants_manage"", ""admin_settings"")","server/routes.ts:3917"
"DELETE","/api/plant/:id","plant_daily_reports","","assertAdmin(req, res)","server/routes.ts:3939"
"GET","/api/plant-module/parties","","","","server/routes.ts:3965"
"POST","/api/plant-module/parties","master_parties","","assertCreate(req, res, ""master_parties"")","server/routes.ts:3974"
"PATCH","/api/plant-module/parties/:id","master_parties","","assertEdit(req, res, ""master_parties"")","server/routes.ts:3984"
"DELETE","/api/plant-module/parties/:id","","","assertAdmin(req, res)","server/routes.ts:3995"
"GET","/api/plant-module/materials","","","","server/routes.ts:4007"
"POST","/api/plant-module/materials","master_materials","","assertCreate(req, res, ""master_materials"")","server/routes.ts:4016"
"PATCH","/api/plant-module/materials/:id","master_materials","","assertEdit(req, res, ""master_materials"")","server/routes.ts:4026"
"DELETE","/api/plant-module/materials/:id","","","assertAdmin(req, res)","server/routes.ts:4037"
"GET","/api/plant-materials/:id/uom-conversions","","","","server/routes.ts:4049"
"POST","/api/plant-materials/:id/uom-conversions","master_materials","","assertEdit(req, res, ""master_materials"")","server/routes.ts:4061"
"PATCH","/api/plant-materials/:id/uom-conversions/:convId","master_materials","","assertEdit(req, res, ""master_materials"")","server/routes.ts:4090"
"GET","/api/plant-module/mix-types","","","","server/routes.ts:4115"
"POST","/api/plant-module/mix-types","master_materials","","assertCreate(req, res, ""master_materials"")","server/routes.ts:4124"
"PATCH","/api/plant-module/mix-types/:id","master_materials","","assertEdit(req, res, ""master_materials"")","server/routes.ts:4134"
"DELETE","/api/plant-module/mix-types/:id","","","assertAdmin(req, res)","server/routes.ts:4145"
"GET","/api/plant-module/mix-templates","","","","server/routes.ts:4157"
"GET","/api/plant-module/mix-template-components","","","","server/routes.ts:4166"
"GET","/api/plant-module/mix-templates/:id","","","","server/routes.ts:4175"
"POST","/api/plant-module/mix-templates","master_materials","","assertCreate(req, res, ""master_materials"")","server/routes.ts:4202"
"PATCH","/api/plant-module/mix-templates/:id","master_materials","","assertEdit(req, res, ""master_materials"")","server/routes.ts:4215"
"DELETE","/api/plant-module/mix-templates/:id","","","assertAdmin(req, res)","server/routes.ts:4229"
"POST","/api/plant-module/mix-templates/:id/rebuild-ledger","","","assertAdmin(req, res)","server/routes.ts:4240"
"GET","/api/equipment-hire/statements","plant_equipment","","assertView(req, res, ""plant_equipment"")","server/routes.ts:4328"
"POST","/api/equipment-hire/statements","plant_equipment","","assertEdit(req, res, ""plant_equipment"")","server/routes.ts:4352"
"GET","/api/equipment-hire/statements/:id","plant_equipment","","assertView(req, res, ""plant_equipment"")","server/routes.ts:4403"
"PATCH","/api/equipment-hire/statements/:id/exceptions","plant_equipment","","assertEdit(req, res, ""plant_equipment"")","server/routes.ts:4413"
"POST","/api/equipment-hire/statements/:id/review","plant_equipment","","assertEdit(req, res, ""plant_equipment"")","server/routes.ts:4452"
"POST","/api/equipment-hire/statements/:id/approve","vendor_bills_approve","","assertApprove(req, res, ""vendor_bills_approve"")","server/routes.ts:4468"
"POST","/api/equipment-hire/statements/:id/create-vendor-bill","plant_equipment; vendor_bills; vendor_bills_raise","","assertView(req, res, ""plant_equipment"") / assertCreateEither(req, res, ""vendor_bills_raise"", ""vendor_bills"")","server/routes.ts:4483"
"GET","/api/plant-module/equipment","","","","server/routes.ts:4496"
"POST","/api/plant-module/equipment","master_equipment","","assertCreate(req, res, ""master_equipment"")","server/routes.ts:4507"
"PATCH","/api/plant-module/equipment/:id","master_equipment","","assertEdit(req, res, ""master_equipment"")","server/routes.ts:4517"
"DELETE","/api/plant-module/equipment/:id","","","assertAdmin(req, res)","server/routes.ts:4528"
"PATCH","/api/plant-module/equipment/:id/toggle-active","master_equipment","","assertEdit(req, res, ""master_equipment"")","server/routes.ts:4544"
"GET","/api/plant-module/material-receipts","","","","server/routes.ts:4697"
"POST","/api/plant-module/material-receipts","site_diesel; plant_materials","","assertCreate(req, res, ""plant_materials"")","server/routes.ts:4711"
"PUT","/api/plant-module/material-receipts/:id","plant_materials","","!req.authUser / assertEdit(req, res, ""plant_materials"")","server/routes.ts:4812"
"POST","/api/plant-module/material-receipts/:id/final-submit","plant_materials","","assertEdit(req, res, ""plant_materials"") / !isOwnerOrAdmin / requiredTypes.includes((d as any).docType)","server/routes.ts:4925"
"DELETE","/api/plant-module/material-receipts/:id","plant_materials","","assertAdmin(req, res)","server/routes.ts:4959"
"POST","/api/plant-module/material-receipts/:id/cancel","plant_materials","","assertDeleteOrCancel(req, res, ""plant_materials"")","server/routes.ts:4994"
"GET","/api/plant-module/next-receipt-number","","","","server/routes.ts:5035"
"GET","/api/plant-module/material-issues","","","","server/routes.ts:5048"
"POST","/api/plant-module/material-issues","plant_materials","","assertCreate(req, res, ""plant_materials"")","server/routes.ts:5062"
"PUT","/api/plant-module/material-issues/:id","plant_materials","","assertEdit(req, res, ""plant_materials"")","server/routes.ts:5086"
"DELETE","/api/plant-module/material-issues/:id","plant_materials","","assertAdmin(req, res)","server/routes.ts:5103"
"GET","/api/plant-module/material-returns","","","","server/routes.ts:5116"
"GET","/api/plant-module/material-returns/returned-qty/:issueId","","","","server/routes.ts:5131"
"POST","/api/plant-module/material-returns","plant_materials","","assertCreate(req, res, ""plant_materials"")","server/routes.ts:5140"
"PUT","/api/plant-module/material-returns/:id","plant_materials","","assertEdit(req, res, ""plant_materials"")","server/routes.ts:5169"
"DELETE","/api/plant-module/material-returns/:id","plant_materials","","assertAdmin(req, res)","server/routes.ts:5192"
"GET","/api/plant-module/opening-stocks","","","","server/routes.ts:5206"
"GET","/api/plant-module/opening-stocks/:id","","","","server/routes.ts:5222"
"POST","/api/plant-module/opening-stocks","plant_stock","","assertCreate(req, res, ""plant_stock"")","server/routes.ts:5232"
"PUT","/api/plant-module/opening-stocks/:id","plant_stock","","assertEdit(req, res, ""plant_stock"")","server/routes.ts:5247"
"DELETE","/api/plant-module/opening-stocks/:id","plant_stock","","assertAdmin(req, res)","server/routes.ts:5264"
"GET","/api/plant-module/dispatches","","","","server/routes.ts:5278"
"POST","/api/plant-module/dispatches","plant_production","","assertCreate(req, res, ""plant_production"")","server/routes.ts:5292"
"PUT","/api/plant-module/dispatches/:id","plant_production","","assertEdit(req, res, ""plant_production"") / overrideTolerance === true && !req.authUser?.isAdmin / !isAdminOverride && (dispatchData.actualBitumenPercent != null || dispatchData.actualLdoQty != null) / isAdminOverride && currentDispatch","server/routes.ts:5318"
"DELETE","/api/plant-module/dispatches/:id","plant_production","","assertAdmin(req, res)","server/routes.ts:5443"
"POST","/api/plant-module/dispatches/recalculate-all","","","assertAdmin(req, res)","server/routes.ts:5460"
"GET","/api/plant-module/dispatches/variance-report","plant_variance","","assertView(req, res, ""plant_variance"")","server/routes.ts:5472"
"GET","/api/plant-module/consumption-audit-log","plant_audit","","assertView(req, res, ""plant_audit"")","server/routes.ts:5488"
"GET","/api/plant/equipment-usage","","","","server/routes.ts:5511"
"GET","/api/reports/equipment-performance","plant_equipment; equipment_performance_report","requireAuth","assertViewEither(req, res, ""equipment_performance_report"", ""plant_equipment"")","server/routes.ts:5522"
"GET","/api/reports/equipment-status","equipment_hub; plant_equipment; equipment_performance_report","requireAuth","","server/routes.ts:5558"
"POST","/api/reports/equipment-performance/logs/:id/confirm","","requireAuth","assertAdmin(req, res) / assertTripSiteAccess(req, res, context.site)","server/routes.ts:5586"
"GET","/api/plant-module/equipment-usage","","","","server/routes.ts:5614"
"GET","/api/plant-module/equipment-usage/open-today","","requireAuth","","server/routes.ts:5633"
"GET","/api/plant-module/equipment-usage/previous-balance/:equipmentId","","","","server/routes.ts:5683"
"GET","/api/equipment/:equipmentId/latest-closing","site_dprs; plant_equipment","requireAuth","assertView(req, res, ""site_dprs"") / assertTripSiteAccess(req, res, siteName) / !unrestricted && !req.authPermissions?.plant_equipment?.view","server/routes.ts:5713"
"GET","/api/equipment/:equipmentId/latest-confirmed-diesel-tank","site_dprs","requireAuth","assertView(req, res, ""site_dprs"") / assertTripSiteAccess(req, res, siteName)","server/routes.ts:5753"
"POST","/api/equipment-usage/:id/move","site_dprs","","assertEdit(req, res, ""site_dprs"") / canonicaliseMovementDestination(req, res, req.body)","server/routes.ts:5906"
"GET","/api/equipment-usage/lifecycle","site_dprs","requireAuth","assertView(req, res, ""site_dprs"")","server/routes.ts:5944"
"GET","/api/plant-module/equipment-usage/incoming","plant_equipment","","assertView(req, res, ""plant_equipment"")","server/routes.ts:5975"
"POST","/api/plant-module/equipment-usage/:id/complete-incoming","plant_equipment","","assertEdit(req, res, ""plant_equipment"")","server/routes.ts:5990"
"POST","/api/plant-module/equipment-usage","plant_equipment","","assertCreate(req, res, ""plant_equipment"") / canonicaliseEquipmentDestinationSite(req, res, req.body)","server/routes.ts:6028"
"PUT","/api/plant-module/equipment-usage/:id","plant_equipment","","assertEdit(req, res, ""plant_equipment"") / canonicaliseEquipmentDestinationSite(req, res, req.body, existing)","server/routes.ts:6052"
"DELETE","/api/plant-module/equipment-usage/:id","plant_equipment","","assertAdmin(req, res)","server/routes.ts:6086"
"GET","/api/plant-module/generators","","","","server/routes.ts:6107"
"GET","/api/plant-module/generator-logs","","","","server/routes.ts:6134"
"POST","/api/plant-module/generator-logs","plant_equipment; plant_generator_logs","","assertCreate(req, res, ""plant_equipment"")","server/routes.ts:6147"
"GET","/api/plant-module/generator-candidates","","","","server/routes.ts:6165"
"POST","/api/plant-module/generator-logs/from-equipment-usage","plant_equipment","","assertCreate(req, res, ""plant_equipment"")","server/routes.ts:6235"
"GET","/api/plant-module/stock-balances","","","","server/routes.ts:6287"
"POST","/api/plant-module/stock-correction","","","assertAdmin(req, res) / assertValidDieselPhysicalStock(correctionMaterial.name, numericPhysicalQty)","server/routes.ts:6298"
"POST","/api/plant-module/stock-reconciliation","stock_reconciliation","","assertCreate(req, res, ""stock_reconciliation"")","server/routes.ts:6338"
"POST","/api/plant-module/stock-reconciliation-drafts","plant_stock; stock_reconciliation","","","server/routes.ts:6379"
"POST","/api/plant-module/stock-reconciliation-drafts/:id/reject","stock_reconciliation","","assertCreate(req, res, ""stock_reconciliation"")","server/routes.ts:6412"
"GET","/api/plant-module/stock-reconciliations","plant_stock; stock_reconciliation","","","server/routes.ts:6432"
"POST","/api/plant-module/reconcile-stock-balances","","","assertAdmin(req, res)","server/routes.ts:6447"
"POST","/api/plant-module/reconcile-equipment-usage-ledger","","","assertAdmin(req, res)","server/routes.ts:6462"
"POST","/api/plant-module/reassign-ledger/preview","","","assertAdmin(req, res)","server/routes.ts:6482"
"POST","/api/plant-module/reassign-ledger/execute","","","assertAdmin(req, res)","server/routes.ts:6505"
"POST","/api/plant-module/stock-transfer","plant_stock","","assertCreate(req, res, ""plant_stock"")","server/routes.ts:6556"
"POST","/api/plant-module/recompute-balance-after","","","assertAdmin(req, res)","server/routes.ts:6598"
"POST","/api/plant-module/shift-log-manpower/review-list","","","assertAdmin(req, res)","server/routes.ts:6614"
"POST","/api/plant-module/shift-log-manpower/bulk-relabel","","","assertAdmin(req, res)","server/routes.ts:6634"
"POST","/api/plant-module/shift-log-manpower/recent-merges","","","assertAdmin(req, res)","server/routes.ts:6679"
"POST","/api/plant-module/shift-log-manpower/undo-merge","","","assertAdmin(req, res)","server/routes.ts:6695"
"POST","/api/plant-module/shift-log-manpower/learned-aliases","","","assertAdmin(req, res)","server/routes.ts:6722"
"POST","/api/plant-module/shift-log-manpower/custom-aliases","","","assertAdmin(req, res)","server/routes.ts:6736"
"POST","/api/plant-module/shift-log-manpower/add-custom-alias","","","assertAdmin(req, res)","server/routes.ts:6754"
"POST","/api/plant-module/shift-log-manpower/delete-custom-alias","","","assertAdmin(req, res)","server/routes.ts:6800"
"POST","/api/plant-module/shift-log-manpower/bulk-revert-alias-activity","","","assertAdmin(req, res)","server/routes.ts:6847"
"POST","/api/plant-module/shift-log-manpower/dismissed-pairs","","","assertAdmin(req, res)","server/routes.ts:6894"
"POST","/api/plant-module/shift-log-manpower/dismiss-pairs","","","assertAdmin(req, res)","server/routes.ts:6911"
"POST","/api/plant-module/shift-log-manpower/restore-dismissed-pair","","","assertAdmin(req, res)","server/routes.ts:6959"
"POST","/api/plant-module/shift-log-manpower/bulk-restore-dismissed-pairs","","","assertAdmin(req, res)","server/routes.ts:6998"
"GET","/api/plant-module/stock-ledger","","","","server/routes.ts:7051"
"GET","/api/plant-module/stock-ledger-all","","","","server/routes.ts:7067"
"GET","/api/plant-module/bitumen-tank-balances","","","","server/routes.ts:7082"
"GET","/api/plant-module/party-statement","","requireAuth","","server/routes.ts:7093"
"GET","/api/plant-module/hlc-borrow-reconciliation","","requireAuth","assertAdmin(req, res)","server/routes.ts:7108"
"GET","/api/plant-module/stock-balance-as-of","","","","server/routes.ts:7124"
"GET","/api/plant-module/bitumen-dip-readings","plant_bitumen","","assertView(req, res, ""plant_bitumen"")","server/routes.ts:7145"
"POST","/api/plant-module/bitumen-dip-readings","plant_bitumen","","assertCreate(req, res, ""plant_bitumen"")","server/routes.ts:7162"
"PATCH","/api/plant-module/bitumen-dip-readings/:id","plant_bitumen","","assertEdit(req, res, ""plant_bitumen"")","server/routes.ts:7177"
"DELETE","/api/plant-module/bitumen-dip-readings/:id","plant_bitumen","","assertAdmin(req, res)","server/routes.ts:7193"
"GET","/api/plant-module/ldo-flow-readings","plant_ldo","","assertView(req, res, ""plant_ldo"")","server/routes.ts:7210"
"POST","/api/plant-module/ldo-flow-readings","plant_ldo","","assertCreate(req, res, ""plant_ldo"")","server/routes.ts:7234"
"PATCH","/api/plant-module/ldo-flow-readings/:id","plant_ldo","","assertEdit(req, res, ""plant_ldo"")","server/routes.ts:7253"
"DELETE","/api/plant-module/ldo-flow-readings/:id","plant_ldo","","assertAdmin(req, res)","server/routes.ts:7267"
"GET","/api/plant-module/ldo-orphaned-rows","","","","server/routes.ts:7281"
"DELETE","/api/plant-module/ldo-orphaned-rows","","","assertAdmin(req, res)","server/routes.ts:7293"
"GET","/api/plant-module/ldo-backfill","","","assertAdmin(req, res)","server/routes.ts:7338"
"POST","/api/plant-module/ldo-backfill","","","assertAdmin(req, res)","server/routes.ts:7354"
"GET","/api/plant-module/ldo-dip-readings","plant_ldo","","assertView(req, res, ""plant_ldo"")","server/routes.ts:7389"
"POST","/api/plant-module/ldo-dip-readings","plant_ldo","","assertCreate(req, res, ""plant_ldo"")","server/routes.ts:7406"
"PATCH","/api/plant-module/ldo-dip-readings/:id","plant_ldo","","assertEdit(req, res, ""plant_ldo"")","server/routes.ts:7421"
"DELETE","/api/plant-module/ldo-dip-readings/:id","plant_ldo","","assertAdmin(req, res)","server/routes.ts:7434"
"POST","/api/admin/backfill-dispatch-notes","","","assertAdmin(req, res)","server/routes.ts:7473"
"GET","/api/plant-module/ldo-dip-backfill","","","assertAdmin(req, res)","server/routes.ts:7489"
"POST","/api/plant-module/ldo-dip-backfill","","","assertAdmin(req, res)","server/routes.ts:7505"
"GET","/api/plant-module/ldo-reports/contractor","plant_stock","","assertView(req, res, ""plant_stock"")","server/routes.ts:7544"
"GET","/api/plant-module/ldo-reconciliation","plant_stock","","assertView(req, res, ""plant_stock"")","server/routes.ts:7557"
"GET","/api/plant-module/plant-settings","","","","server/routes.ts:7592"
"GET","/api/plant-module/plant-settings/:plantName","","","","server/routes.ts:7601"
"PUT","/api/plant-module/plant-settings/:plantName","","","assertAdmin(req, res)","server/routes.ts:7621"
"DELETE","/api/plant-module/plant-settings/:plantName","","","assertAdmin(req, res)","server/routes.ts:7644"
"POST","/api/plant-module/plant-settings/:plantName/rename","","","assertAdmin(req, res)","server/routes.ts:7656"
"GET","/api/plant-module/shift-logs/plants","","","","server/routes.ts:7673"
"GET","/api/plant-module/shift-logs","","","","server/routes.ts:7684"
"GET","/api/plant-module/shift-logs/by-date/:date","","","","server/routes.ts:7696"
"GET","/api/plant-module/shift-logs/:id","","","","server/routes.ts:7707"
"POST","/api/plant-module/shift-logs","plant_shift_logs","","assertEdit(req, res, ""plant_shift_logs"") / assertCreate(req, res, ""plant_shift_logs"") / u && !u.isAdmin && !u.isOwner && existingId","server/routes.ts:7717"
"POST","/api/plant-module/shift-logs/:id/finalize","plant_shift_logs","","assertEdit(req, res, ""plant_shift_logs"")","server/routes.ts:7769"
"DELETE","/api/plant-module/shift-logs/:id","","","assertAdmin(req, res)","server/routes.ts:7782"
"PATCH","/api/plant-module/shift-logs/:id/dryer-source","plant_shift_logs","","assertEdit(req, res, ""plant_shift_logs"")","server/routes.ts:7796"
"GET","/api/plant-module/daily-reports/:date","","","","server/routes.ts:7818"
"GET","/api/plant-module/daily-reports-index","","","","server/routes.ts:8321"
"GET","/api/plant-module/daily-reports-export","plant_daily_reports","","assertReportExport(req, res, ""plant_daily_reports"")","server/routes.ts:8348"
"POST","/api/plant-module/daily-reports/bulk-zip","plant_daily_reports","","assertReportExport(req, res, ""plant_daily_reports"")","server/routes.ts:8511"
"GET","/api/plant-module/daily-reports/:date/pdf","plant_daily_reports","","assertReportExport(req, res, ""plant_daily_reports"") / assertReportPlant(req, res, plantName)","server/routes.ts:8654"
"GET","/api/plant-module/heating-sessions","","","","server/routes.ts:8679"
"GET","/api/plant-module/heating-sessions/reconciliation","","","","server/routes.ts:8711"
"GET","/api/plant-module/heating-sessions/dryer-source-mismatches","","","","server/routes.ts:8729"
"PATCH","/api/plant-module/heating-sessions/align-dryer-source","plant_heating","","assertEdit(req, res, ""plant_heating"")","server/routes.ts:8746"
"PATCH","/api/plant-module/heating-sessions/:id","plant_heating","","assertEdit(req, res, ""plant_heating"")","server/routes.ts:8765"
"GET","/api/plant-module/heating-sessions/:id","","","","server/routes.ts:8785"
"POST","/api/plant-module/heating-sessions","plant_heating","","assertCreate(req, res, ""plant_heating"")","server/routes.ts:8795"
"PUT","/api/plant-module/heating-sessions/:id","plant_heating","","assertEdit(req, res, ""plant_heating"") / u && !u.isAdmin && !u.isOwner","server/routes.ts:8823"
"PATCH","/api/plant-module/heating-sessions/:id/resync-flow","plant_heating","","assertEdit(req, res, ""plant_heating"")","server/routes.ts:8863"
"POST","/api/plant-module/heating-sessions/:id/finalize","plant_heating","","assertEdit(req, res, ""plant_heating"")","server/routes.ts:8881"
"DELETE","/api/plant-module/heating-sessions/:id","","","assertAdmin(req, res)","server/routes.ts:8893"
"GET","/api/plant-module/heating-trends","","","","server/routes.ts:8925"
"GET","/api/plant-module/heating-trends/excel","plant_heating; plant_heating_trends","","assertReportExport(req, res, ""plant_heating"", ""plant_heating_trends"") / assertReportPlant(req, res, plantName)","server/routes.ts:8936"
"GET","/api/plant-module/ldo-meter/last","","","","server/routes.ts:9021"
"GET","/api/internal-requisitions","","","assertAuthed(req, res)","server/routes.ts:9040"
"GET","/api/purchase-indents","","","assertPiRaiserRead(req, res)","server/routes.ts:9070"
"GET","/api/purchase-indents/for-material","","","","server/routes.ts:9093"
"GET","/api/purchase-indents/summary","","","","server/routes.ts:9111"
"GET","/api/purchase-indents/report","","","","server/routes.ts:9131"
"GET","/api/purchase-indents/route-corrections","","","assertPiRaiserRead(req, res)","server/routes.ts:9149"
"POST","/api/purchase-indents/route-corrections/apply","site_procurement; purchase_indents_raise","","assertPiRaiserRead(req, res) / assertEditEither(req, res, ""site_procurement"", ""purchase_indents_raise"")","server/routes.ts:9161"
"PATCH","/api/purchase-indents/:id/items/:itemId/destination","site_procurement; purchase_indents_raise","","assertEditEither(req, res, ""site_procurement"", ""purchase_indents_raise"") / assertPiDeliveryScope(req, res, indentId, [req.body])","server/routes.ts:9213"
"GET","/api/purchase-indents/:id","","","assertPiRaiserRead(req, res) / assertPiDeliveryScope(req, res, id)","server/routes.ts:9225"
"GET","/api/purchase-orders/pending","purchase_indents_approve","","assertApprove(req, res, ""purchase_indents_approve"") / !req.authUser?.isAdmin && (order.raisedByUserId === req.authUser?.id || indent.authorUserId === req.authUser?.id)","server/routes.ts:9304"
"GET","/api/purchase-indents/:id/items/:itemId/purchase-order","","","assertPiRaiserRead(req, res)","server/routes.ts:9321"
"POST","/api/purchase-indents/:id/items/:itemId/purchase-order","site_procurement; purchase_indents_raise","","assertCreateEither(req, res, ""site_procurement"", ""purchase_indents_raise"")","server/routes.ts:9346"
"PATCH","/api/purchase-indents/:id/items/:itemId/purchase-order","site_procurement; purchase_indents_raise","","assertCreateEither(req, res, ""site_procurement"", ""purchase_indents_raise"")","server/routes.ts:9392"
"POST","/api/purchase-indents/:id/items/:itemId/purchase-order/submit","site_procurement; purchase_indents_raise","","assertCreateEither(req, res, ""site_procurement"", ""purchase_indents_raise"")","server/routes.ts:9416"
"POST","/api/purchase-indents/:id/items/:itemId/purchase-order/decision","purchase_indents_approve","","assertApprove(req, res, ""purchase_indents_approve"") / !req.authUser?.isAdmin && (current.raisedByUserId === req.authUser?.id || scoped.indent.authorUserId === req.authUser?.id)","server/routes.ts:9428"
"GET","/api/purchase-indents/:id/items/:itemId/purchase-order.pdf","purchase_indents_view; purchase_indents_raise","","assertReportExport(req, res, ""purchase_indents_view"", ""purchase_indents_raise"") / assertPiRaiserRead(req, res)","server/routes.ts:9454"
"POST","/api/purchase-indents","site_procurement; purchase_indents_view; purchase_indents_raise","","assertCreateEither(req, res, ""site_procurement"", ""purchase_indents_raise"")","server/routes.ts:9474"
"PATCH","/api/purchase-indents/:id/approve","purchase_indents_view; purchase_indents_approve","","assertApprove(req, res, ""purchase_indents_approve"") / !req.authUser?.isAdmin && existingIndent.authorUserId && existingIndent.authorUserId === req.authUser?.id","server/routes.ts:9490"
"PATCH","/api/purchase-indents/:id/reject","purchase_indents_view; purchase_indents_approve","","assertApprove(req, res, ""purchase_indents_approve"")","server/routes.ts:9536"
"PATCH","/api/purchase-indents/:id/stores-verify","purchase_indents_view; stores_inventory","","assertCreate(req, res, ""stores_inventory"")","server/routes.ts:9561"
"PATCH","/api/purchase-indents/:id/stores-bypass","purchase_indents_view; stores_inventory","","assertCreate(req, res, ""stores_inventory"")","server/routes.ts:9591"
"POST","/api/purchase-indents/:id/place-order","site_procurement; purchase_indents_raise","","assertCreateEither(req, res, ""site_procurement"", ""purchase_indents_raise"") / assertPiDeliveryScope(req, res, id, items || [])","server/routes.ts:9613"
"POST","/api/purchase-indents/:id/record-material-receipt","site_procurement; purchase_indents_raise","","assertCreateEither(req, res, ""site_procurement"", ""purchase_indents_raise"")","server/routes.ts:9629"
"GET","/api/purchase-indents/pending-for-material/:materialId","","","assertAuthed(req, res)","server/routes.ts:9647"
"PATCH","/api/purchase-indents/items/:itemId/link-receipt","site_procurement; purchase_indents_raise; plant_stock","","assertAuthed(req, res)","server/routes.ts:9659"
"GET","/api/irn/stock-lookup","","","assertAuthed(req, res)","server/routes.ts:9688"
"GET","/api/irn/procurement-queue","","","assertAuthed(req, res)","server/routes.ts:9713"
"POST","/api/irn/:id/raise-pi","site_procurement; purchase_indents_view; purchase_indents_raise","","assertCreateEither(req, res, ""site_procurement"", ""purchase_indents_raise"")","server/routes.ts:9766"
"GET","/api/irn","","","assertAuthed(req, res)","server/routes.ts:9824"
"GET","/api/irn/:id","","","assertAuthed(req, res)","server/routes.ts:9836"
"POST","/api/irn","irn_view; irn_raise","","assertCreate(req, res, ""irn_raise"")","server/routes.ts:9850"
"PATCH","/api/irn/:id/stores-verify","irn_view; stores_inventory","","assertCreate(req, res, ""stores_inventory"")","server/routes.ts:9864"
"PATCH","/api/irn/:id/approve","irn_view; irn_approve","","assertApprove(req, res, ""irn_approve"") / !req.authUser?.isAdmin && currentUserId && existing.raisedByUserId && currentUserId === existing.raisedByUserId","server/routes.ts:9903"
"PATCH","/api/irn/:id/close","irn_view; irn_approve; stores_inventory","","!req.authUser","server/routes.ts:9934"
"PATCH","/api/irn/:id/reopen","irn_approve","","!req.authUser","server/routes.ts:9964"
"GET","/api/irn/:id/audit-logs","","","!req.authUser","server/routes.ts:9988"
"DELETE","/api/irn/:id","","","assertAdmin(req, res)","server/routes.ts:10001"
"PATCH","/api/irn/:id","","","assertAdmin(req, res) / existing.status !== ""pending_stores"" && !req.authUser?.isAdmin","server/routes.ts:10015"
"POST","/api/irn/:id/record-issue","irn_view; stores_inventory","","assertCreate(req, res, ""stores_inventory"")","server/routes.ts:10036"
"GET","/api/irn/:id/issue-vouchers","","","","server/routes.ts:10063"
"GET","/api/irn/:id/issue-voucher","irn_view; irn_raise","","assertReportExport(req, res, ""irn_view"", ""irn_raise"")","server/routes.ts:10075"
"PATCH","/api/purchase-indent-items/:id/procure","site_procurement; purchase_indents_view; purchase_indents_raise","","assertEditEither(req, res, ""site_procurement"", ""purchase_indents_raise"")","server/routes.ts:10320"
"POST","/api/purchase-indents/:id/notify","site_procurement; purchase_indents_view; purchase_indents_raise","","assertEditEither(req, res, ""site_procurement"", ""purchase_indents_raise"")","server/routes.ts:10350"
"GET","/api/purchase-indent-items/recent-items","","","assertPiRaiserRead(req, res)","server/routes.ts:10388"
"PATCH","/api/purchase-indent-items/:id/purchase-update","site_procurement; purchase_indents_view; purchase_indents_raise","","assertEditEither(req, res, ""site_procurement"", ""purchase_indents_raise"")","server/routes.ts:10400"
"PATCH","/api/purchase-indent-items/:id/cancel","purchase_indents_view; purchase_indents_approve","","assertApprove(req, res, ""purchase_indents_approve"")","server/routes.ts:10435"
"PATCH","/api/purchase-indent-items/:id/reviewer-note","site_procurement; purchase_indents_raise","","assertEditEither(req, res, ""site_procurement"", ""purchase_indents_raise"")","server/routes.ts:10462"
"PATCH","/api/purchase-indents/:id/force-close","purchase_indents_view","","assertAdmin(req, res)","server/routes.ts:10475"
"PUT","/api/purchase-indents/:id","site_procurement; purchase_indents_raise","","assertEditEither(req, res, ""site_procurement"", ""purchase_indents_raise"")","server/routes.ts:10501"
"DELETE","/api/purchase-indents/:id","","","assertAdmin(req, res)","server/routes.ts:10526"
"GET","/api/purchase-indent-items/:id/history","","","","server/routes.ts:10540"
"GET","/api/purchase-indents/:id/transactions","","","","server/routes.ts:10555"
"POST","/api/purchase-indents/:id/purchaser-action","site_procurement; purchase_indents_raise","","assertEditEither(req, res, ""site_procurement"", ""purchase_indents_raise"") / assertPiDeliveryScope(req, res, indentId, items)","server/routes.ts:10566"
"POST","/api/purchase-indent-items/:id/record-delivery","site_procurement; purchase_indents_raise","","assertEditEither(req, res, ""site_procurement"", ""purchase_indents_raise"")","server/routes.ts:10617"
"POST","/api/purchase-indents/:id/service-completion","purchase_indents_approve","","assertApprove(req, res, ""purchase_indents_approve"")","server/routes.ts:10654"
"GET","/api/service-completions","","","","server/routes.ts:10707"
"POST","/api/purchase-indent-items/:itemId/handover","","","","server/routes.ts:10718"
"POST","/api/purchase-indents/:id/bulk-receipt","site_procurement; purchase_indents_raise","","assertEditEither(req, res, ""site_procurement"", ""purchase_indents_raise"") / assertPiDeliveryScope(req, res, indentId, [{ receivingLocation: location, receivingSiteId: siteId }])","server/routes.ts:10734"
"GET","/api/pending-plant-receipts/count","plant_materials","","assertView(req, res, ""plant_materials"")","server/routes.ts:10758"
"GET","/api/pending-plant-receipts","plant_materials","","assertView(req, res, ""plant_materials"")","server/routes.ts:10769"
"PATCH","/api/pending-plant-receipts/:id","plant_materials","","assertView(req, res, ""plant_materials"") / target && target.createdByUserId === confirmedByUserId && !req.authUser?.isAdmin","server/routes.ts:10785"
"GET","/api/diesel-requirements","","","assertDieselOrStoresView(req, res)","server/routes.ts:10824"
"GET","/api/diesel-requirements/summary","","","assertDieselOrStoresView(req, res)","server/routes.ts:10840"
"GET","/api/diesel-requirements/daily-report","","","assertDieselOrStoresView(req, res)","server/routes.ts:10857"
"GET","/api/diesel-requirements/comparison","","","assertDieselOrStoresView(req, res)","server/routes.ts:10878"
"GET","/api/diesel-requirements/recent-items","","","assertDieselOrStoresView(req, res)","server/routes.ts:10909"
"GET","/api/diesel-requirements/receipt-status","","","assertDieselOrStoresView(req, res)","server/routes.ts:10924"
"PATCH","/api/diesel-requirements/equipment/:id/consumption-norm","site_diesel; diesel_req_raise","","!req.authUser / !req.authUser.isAdmin && !req.authUser.isOwner","server/routes.ts:10970"
"GET","/api/diesel-requirements/:id","","","assertDieselOrStoresView(req, res)","server/routes.ts:11008"
"POST","/api/diesel-requirements","site_diesel; diesel_req_raise; diesel_req_approve","","assertCreateEither(req, res, ""site_diesel"", ""diesel_req_raise"")","server/routes.ts:11023"
"PATCH","/api/diesel-requirements/:id/approve","diesel_req_raise; diesel_req_approve","","assertApprove(req, res, ""diesel_req_approve"") / !req.authUser?.isAdmin && existingDr && existingDr.authorUserId && existingDr.authorUserId === req.authUser?.id","server/routes.ts:11039"
"PATCH","/api/diesel-requirements/:id/reject","diesel_req_raise; diesel_req_approve","","assertApprove(req, res, ""diesel_req_approve"")","server/routes.ts:11073"
"PATCH","/api/diesel-requirements/:id/purchase-update","site_diesel; diesel_req_raise; plant_materials","","assertEditEither(req, res, ""site_diesel"", ""diesel_req_raise"")","server/routes.ts:11097"
"PATCH","/api/diesel-requirements/:id/payment-status","site_diesel; diesel_req_raise","","assertEditEither(req, res, ""site_diesel"", ""diesel_req_raise"")","server/routes.ts:11142"
"PUT","/api/diesel-requirements/:id","site_diesel; diesel_req_raise","","assertAdmin(req, res) / assertEditEither(req, res, ""site_diesel"", ""diesel_req_raise"")","server/routes.ts:11216"
"DELETE","/api/diesel-requirements/:id","","","assertAdmin(req, res)","server/routes.ts:11244"
"GET","/api/vendor-bills","","","","server/routes.ts:11335"
"GET","/api/vendor-bills/summary","","","","server/routes.ts:11358"
"GET","/api/vendor-bills/export","vendor_bills; vendor_bills_view","","assertReportExport(req, res, ""vendor_bills"", ""vendor_bills_view"")","server/routes.ts:11397"
"GET","/api/vendor-aliases","","","","server/routes.ts:11678"
"POST","/api/vendor-aliases","admin_settings; vendor_masters_manage","","assertCreateEither(req, res, ""vendor_masters_manage"", ""admin_settings"") / canonicalName.trim().toUpperCase() / canonicalName.trim()","server/routes.ts:11688"
"DELETE","/api/vendor-aliases/:id","","","assertAdmin(req, res)","server/routes.ts:11709"
"GET","/api/vendor-bills/vendor-names","","","","server/routes.ts:11724"
"GET","/api/vendor-bills/equipment-hire-discovery","vendor_bills; vendor_bills_raise","","assertViewEither(req, res, ""vendor_bills"", ""vendor_bills_raise"")","server/routes.ts:11737"
"GET","/api/vendor-bills/discover-vendors","","","","server/routes.ts:11754"
"GET","/api/vendor-bills/payables-preview","vendor_bills; vendor_bills_view","","!req.authUser / assertReportExport(req, res, ""vendor_bills"", ""vendor_bills_view"") / !req.authUser.isAdmin && !req.authUser.isOwner && !req.authPermissions?.vendor_bills?.view_reports && !req.authPermissions?.vendor_bills_view?.view_reports / req.authUser?.isFieldEngineer","server/routes.ts:11771"
"GET","/api/vendor-bills/auto-items","","","","server/routes.ts:11805"
"GET","/api/vendor-bills/hire-activities","vendor_bills","","assertView(req, res, ""vendor_bills"")","server/routes.ts:11833"
"GET","/api/vendor-bills/previous-rates","","","","server/routes.ts:11847"
"GET","/api/vendor-bills/company-accounts","site_diesel; diesel_req_raise; vendor_bills","","!req.authUser","server/routes.ts:11881"
"GET","/api/vendor-bills/:id","","","","server/routes.ts:11904"
"POST","/api/vendor-bills","vendor_bills; vendor_bills_raise; vendor_bills_approve","","assertCreateEither(req, res, ""vendor_bills_raise"", ""vendor_bills"") / assertVendorBillAutoSources(req, res, input, selectedSite.siteName)","server/routes.ts:11926"
"PUT","/api/vendor-bills/:id","vendor_bills; vendor_bills_raise","","assertVendorBillAutoSources(req, res, input, selectedSite.siteName, existing.items) / assertAdmin(req, res) / assertEditEither(req, res, ""vendor_bills"", ""vendor_bills_raise"")","server/routes.ts:11970"
"PATCH","/api/vendor-bills/:id/payment-details","vendor_bills_approve","","assertApprove(req, res, ""vendor_bills_approve"")","server/routes.ts:12041"
"PATCH","/api/vendor-bills/:id/status","vendor_bills; vendor_bills_view; vendor_bills_raise; vendor_bills_verify; vendor_bills_approve","","assertApprove(req, res, ""vendor_bills_approve"") / !req.authUser?.isAdmin && vbForApproval && vbForApproval.authorUserId && vbForApproval.authorUserId === req.authUser?.id / assertApprove(req, res, ""vendor_bills_verify"") / !req.authUser?.isAdmin && vbForVerify && vbForVerify.authorUserId && vbForVerify.authorUserId === req.authUser?.id / assertEdit(req, res, ""vendor_bills"")","server/routes.ts:12066"
"GET","/api/vendor-bills/:id/pdf","vendor_bills; vendor_bills_view","","assertReportExport(req, res, ""vendor_bills"", ""vendor_bills_view"")","server/routes.ts:12121"
"DELETE","/api/vendor-bills/:id","","","assertAdmin(req, res)","server/routes.ts:12489"
"GET","/api/equipment-master/canonical-types","","","canonicalizeMachineType(eq.name).toUpperCase().trim() / canonicalizeMachineType(eq.name).toUpperCase() / canonicalizeMachineType(eq.name)","server/routes.ts:12512"
"GET","/api/vendor-rate-cards","","","","server/routes.ts:12533"
"GET","/api/vendor-rate-cards/discover","","","","server/routes.ts:12544"
"POST","/api/vendor-rate-cards","admin_settings; vendor_masters_manage","","assertCreateEither(req, res, ""vendor_masters_manage"", ""admin_settings"")","server/routes.ts:12558"
"PATCH","/api/vendor-rate-cards/:id/transport-setup","admin_settings; vendor_masters_manage","","assertCreateEither(req, res, ""vendor_masters_manage"", ""admin_settings"")","server/routes.ts:12570"
"POST","/api/vendor-rate-cards/bulk-upsert","admin_settings; vendor_masters_manage","","assertCreateEither(req, res, ""vendor_masters_manage"", ""admin_settings"")","server/routes.ts:12594"
"DELETE","/api/vendor-rate-cards/:id","","","assertAdmin(req, res)","server/routes.ts:12615"
"POST","/api/vendor-bills/check-duplicates","vendor_bills; vendor_bills_raise","","assertCreateEither(req, res, ""vendor_bills"", ""vendor_bills_raise"")","server/routes.ts:12628"
"GET","/api/admin/exportable-tables","","","","server/routes.ts:12660"
"POST","/api/admin/export-data","","","assertAdmin(req, res)","server/routes.ts:12664"
"POST","/api/admin/reset-sequences","","","assertAdmin(req, res)","server/routes.ts:12688"
"POST","/api/admin/import-data","","","assertAdmin(req, res)","server/routes.ts:12699"
"POST","/api/admin/fix-ledger-gap-427","","","assertAdmin(req, res)","server/routes.ts:12716"
"POST","/api/admin/fix-orphan-stock-balances","","","assertAdmin(req, res)","server/routes.ts:12727"
"GET","/api/admin/site-backfill/unassigned","","","assertAdmin(req, res)","server/routes.ts:12740"
"POST","/api/admin/site-backfill/assign","","","assertAdmin(req, res)","server/routes.ts:12774"
"GET","/api/users/directory","","","assertAuthed(req, res)","server/routes.ts:12798"
"GET","/api/mix-estimates","","","","server/routes.ts:12810"
"GET","/api/mix-estimates/:id","","","","server/routes.ts:12820"
"POST","/api/mix-estimates","","","assertMixCalcWrite(req, res, ""create"")","server/routes.ts:12832"
"PUT","/api/mix-estimates/:id","","","assertMixCalcWrite(req, res, ""edit"")","server/routes.ts:12846"
"DELETE","/api/mix-estimates/:id","","","assertMixCalcWrite(req, res, ""delete"")","server/routes.ts:12863"
"GET","/api/price-scenarios","","","","server/routes.ts:12876"
"POST","/api/price-scenarios","","","assertMixCalcWrite(req, res, ""create"")","server/routes.ts:12888"
"GET","/api/price-scenarios/:id","","","","server/routes.ts:12903"
"PATCH","/api/price-scenarios/:id","","","assertMixCalcWrite(req, res, ""edit"")","server/routes.ts:12915"
"DELETE","/api/price-scenarios/:id","","","assertMixCalcWrite(req, res, ""delete"")","server/routes.ts:12929"
"PATCH","/api/mix-estimates/rename-contractor","","","assertMixCalcWrite(req, res, ""edit"")","server/routes.ts:12942"
"PATCH","/api/mix-estimates/rename-project","","","assertMixCalcWrite(req, res, ""edit"")","server/routes.ts:12955"
"GET","/api/concrete-estimates","","","","server/routes.ts:12980"
"GET","/api/concrete-estimates/:id","","","","server/routes.ts:12990"
"POST","/api/concrete-estimates","admin_settings; concrete_estimates_manage","","assertCreateEither(req, res, ""concrete_estimates_manage"", ""admin_settings"")","server/routes.ts:13002"
"PATCH","/api/concrete-estimates/:id","admin_settings; concrete_estimates_manage","","assertEditEither(req, res, ""concrete_estimates_manage"", ""admin_settings"") / !isAdmin && !isOwner","server/routes.ts:13016"
"DELETE","/api/concrete-estimates/:id","","","assertAdmin(req, res)","server/routes.ts:13037"
"GET","/api/concrete/v2/estimates","","","","server/routes.ts:13054"
"GET","/api/concrete/v2/estimates/:id","","","","server/routes.ts:13064"
"POST","/api/concrete/v2/estimates","admin_settings; concrete_estimates_manage","","assertCreateEither(req, res, ""concrete_estimates_manage"", ""admin_settings"")","server/routes.ts:13076"
"PATCH","/api/concrete/v2/estimates/:id","admin_settings; concrete_estimates_manage","","assertEditEither(req, res, ""concrete_estimates_manage"", ""admin_settings"") / !isAdmin && !isOwner","server/routes.ts:13090"
"DELETE","/api/concrete/v2/estimates/:id","","","assertAdmin(req, res)","server/routes.ts:13111"
"GET","/api/stores/items","stores_inventory","","assertView(req, res, ""stores_inventory"")","server/routes.ts:13127"
"GET","/api/stores/stock-balance","stores_inventory","","assertView(req, res, ""stores_inventory"")","server/routes.ts:13139"
"POST","/api/stores/items","stores_inventory","","assertCreate(req, res, ""stores_inventory"")","server/routes.ts:13150"
"PATCH","/api/stores/items/:id","stores_inventory","","assertEdit(req, res, ""stores_inventory"")","server/routes.ts:13161"
"POST","/api/stores/items/:id/toggle","stores_inventory","","assertEdit(req, res, ""stores_inventory"")","server/routes.ts:13173"
"GET","/api/stores/grns/pending-receipt-count","stores_inventory","","assertView(req, res, ""stores_inventory"")","server/routes.ts:13186"
"GET","/api/stores/grns","stores_inventory","","assertView(req, res, ""stores_inventory"")","server/routes.ts:13206"
"GET","/api/stores/grns/supplier-history","stores_inventory","","assertView(req, res, ""stores_inventory"")","server/routes.ts:13234"
"GET","/api/stores/grns/recent-items","stores_inventory","","assertView(req, res, ""stores_inventory"")","server/routes.ts:13253"
"GET","/api/stores/grns/recent-suppliers","stores_inventory","","assertView(req, res, ""stores_inventory"")","server/routes.ts:13265"
"GET","/api/stores/grns/stale","stores_inventory","","assertView(req, res, ""stores_inventory"")","server/routes.ts:13280"
"GET","/api/stores/grns/:id","stores_inventory","","assertView(req, res, ""stores_inventory"") / req.authUser && !req.authUser.isAdmin && grn.siteId","server/routes.ts:13296"
"POST","/api/stores/grns","stores_inventory","","assertCreate(req, res, ""stores_inventory"")","server/routes.ts:13315"
"PATCH","/api/stores/grns/:id","stores_inventory","","assertEdit(req, res, ""stores_inventory"") / status === ""finalized"" && (existing as any).createdByUserId && req.authUser / !req.authUser.isAdmin / updateData.status === ""finalized"" && req.authUser","server/routes.ts:13359"
"PUT","/api/stores/grns/:id","stores_inventory","","assertEdit(req, res, ""stores_inventory"")","server/routes.ts:13443"
"POST","/api/stores/grns/:id/cancel","","","assertAdmin(req, res)","server/routes.ts:13464"
"GET","/api/stores/issues/recent-items","stores_inventory","","assertView(req, res, ""stores_inventory"")","server/routes.ts:13492"
"GET","/api/stores/issues","stores_inventory","","assertView(req, res, ""stores_inventory"")","server/routes.ts:13504"
"GET","/api/stores/issues/:id","stores_inventory","","assertView(req, res, ""stores_inventory"") / req.authUser && !req.authUser.isAdmin && issue.siteId","server/routes.ts:13527"
"POST","/api/stores/issues","stores_inventory","","assertCreate(req, res, ""stores_inventory"")","server/routes.ts:13546"
"POST","/api/stores/issues/:id/cancel","","","assertAdmin(req, res)","server/routes.ts:13589"
"GET","/api/stores/stock-summary","stores_inventory","","assertView(req, res, ""stores_inventory"")","server/routes.ts:13612"
"GET","/api/stores/ledger/:itemId","stores_inventory","","assertView(req, res, ""stores_inventory"")","server/routes.ts:13624"
"GET","/api/stores/next-doc-number","stores_inventory","","assertView(req, res, ""stores_inventory"")","server/routes.ts:13639"
"GET","/api/stores/indent-grn-counts","stores_inventory","","assertView(req, res, ""stores_inventory"")","server/routes.ts:13654"
"GET","/api/stores/indent-fulfilment-status","stores_inventory","","assertView(req, res, ""stores_inventory"")","server/routes.ts:13665"
"GET","/api/stores/indent-received-per-item","stores_inventory","","assertView(req, res, ""stores_inventory"") / req.authUser && !req.authUser.isAdmin","server/routes.ts:13676"
"GET","/api/maintenance/logs","plant_equipment","","assertView(req, res, ""plant_equipment"") / canAccessMaintenanceSource(req, log)","server/routes.ts:13815"
"GET","/api/maintenance/logs/:id","plant_equipment","","assertView(req, res, ""plant_equipment"") / assertMaintenanceSourceAccess(req, res, log)","server/routes.ts:13847"
"POST","/api/maintenance/logs","plant_equipment","","assertCreate(req, res, ""plant_equipment"") / assertMaintenanceSourceAccess(req, res, normalized.data)","server/routes.ts:13860"
"PATCH","/api/maintenance/logs/:id","plant_equipment","","assertEdit(req, res, ""plant_equipment"") / assertMaintenanceSourceAccess(req, res, existing) / assertMaintenanceSourceAccess(req, res, normalized.data)","server/routes.ts:13875"
"DELETE","/api/maintenance/logs/:id","","","assertAdmin(req, res) / assertMaintenanceSourceAccess(req, res, before)","server/routes.ts:13908"
"POST","/api/maintenance/logs/:id/cancel","plant_equipment","","assertDeleteOrCancel(req, res, ""plant_equipment"") / assertMaintenanceSourceAccess(req, res, before)","server/routes.ts:13933"
"GET","/api/admin/permission-migration-audit","admin_settings","","assertView(req, res, ""admin_settings"")","server/routes.ts:13965"
"GET","/api/audit-logs","","","!req.authUser","server/routes.ts:13975"
"POST","/api/maintenance/logs/:id/parts","plant_equipment","","assertCreate(req, res, ""plant_equipment"") / assertMaintenanceSourceAccess(req, res, parent)","server/routes.ts:13991"
"DELETE","/api/maintenance/parts/:partId","plant_equipment","","assertDelete(req, res, ""plant_equipment"") / assertMaintenanceRecordAccess(req, res, part.maintenanceLogId, true)","server/routes.ts:14009"
"GET","/api/maintenance/health-summary","plant_equipment","","assertView(req, res, ""plant_equipment"")","server/routes.ts:14027"
"GET","/api/maintenance/open-count","plant_equipment","","assertView(req, res, ""plant_equipment"")","server/routes.ts:14038"
"USE","/api/rmc","","","","server/routes.ts:14055"
"GET","/api/rmc/mix-designs","plant_production","","assertView(req, res, ""plant_production"")","server/routes.ts:14061"
"GET","/api/rmc/mix-designs/:id","plant_production","","assertView(req, res, ""plant_production"")","server/routes.ts:14070"
"POST","/api/rmc/mix-designs","plant_production","","assertCreate(req, res, ""plant_production"")","server/routes.ts:14079"
"PATCH","/api/rmc/mix-designs/:id","plant_production","","assertEdit(req, res, ""plant_production"")","server/routes.ts:14091"
"DELETE","/api/rmc/mix-designs/:id","","","assertAdmin(req, res)","server/routes.ts:14104"
"GET","/api/rmc/today-summary","plant_production","","assertView(req, res, ""plant_production"")","server/routes.ts:14114"
"GET","/api/rmc/summary-range","plant_production","","assertView(req, res, ""plant_production"")","server/routes.ts:14124"
"GET","/api/rmc/batch-records","plant_production","","assertView(req, res, ""plant_production"")","server/routes.ts:14136"
"GET","/api/rmc/batch-records/export","plant_production; rmc_batch_records","","assertExport(req, res, ""rmc_batch_records"") / assertView(req, res, ""plant_production"")","server/routes.ts:14151"
"GET","/api/rmc/batch-records/:id","plant_production","","assertView(req, res, ""plant_production"")","server/routes.ts:14196"
"POST","/api/rmc/batch-records","plant_production","","assertCreate(req, res, ""plant_production"")","server/routes.ts:14205"
"PATCH","/api/rmc/batch-records/:id","plant_production","","assertEdit(req, res, ""plant_production"")","server/routes.ts:14226"
"POST","/api/rmc/batch-records/reprocess-missed-deductions","","","assertAdmin(req, res)","server/routes.ts:14241"
"DELETE","/api/rmc/batch-records/:id","","","assertAdmin(req, res)","server/routes.ts:14252"
"GET","/api/rmc/cube-tests/export","plant_production; rmc_cube_tests","","assertExport(req, res, ""rmc_cube_tests"") / assertView(req, res, ""plant_production"")","server/routes.ts:14263"
"GET","/api/rmc/cube-tests/stats","plant_production","","assertView(req, res, ""plant_production"")","server/routes.ts:14313"
"GET","/api/rmc/cube-tests","plant_production","","assertView(req, res, ""plant_production"")","server/routes.ts:14322"
"POST","/api/rmc/cube-tests","plant_production","","assertCreate(req, res, ""plant_production"")","server/routes.ts:14336"
"PATCH","/api/rmc/cube-tests/:id","plant_production","","assertEdit(req, res, ""plant_production"")","server/routes.ts:14358"
"DELETE","/api/rmc/cube-tests/:id","","","assertAdmin(req, res)","server/routes.ts:14371"
"GET","/api/rmc/raw-materials","plant_materials","","assertView(req, res, ""plant_materials"")","server/routes.ts:14381"
"POST","/api/rmc/raw-materials","plant_materials","","assertCreate(req, res, ""plant_materials"")","server/routes.ts:14395"
"PATCH","/api/rmc/raw-materials/:id","plant_materials","","assertEdit(req, res, ""plant_materials"")","server/routes.ts:14407"
"DELETE","/api/rmc/raw-materials/:id","","","assertAdmin(req, res)","server/routes.ts:14420"
"GET","/api/rmc/plants","plant_daily_reports","","assertView(req, res, ""plant_daily_reports"")","server/routes.ts:14430"
"GET","/api/rmc/stock-summary","plant_materials","","assertView(req, res, ""plant_materials"")","server/routes.ts:14439"
"GET","/api/rmc/daily-report","plant_daily_reports","","assertView(req, res, ""plant_daily_reports"")","server/routes.ts:14449"
"GET","/api/rmc/daily-report/pdf","plant_daily_reports; rmc_daily_report","","assertExport(req, res, ""rmc_daily_report"") / assertView(req, res, ""plant_daily_reports"")","server/routes.ts:14461"
"GET","/api/rmc/daily-report/export","plant_daily_reports; rmc_daily_report","","assertExport(req, res, ""rmc_daily_report"") / assertView(req, res, ""plant_daily_reports"")","server/routes.ts:14717"
"GET","/api/reports/plant-project-dispatch-summary","plant_production","","assertView(req, res, ""plant_production"")","server/routes.ts:14837"
"GET","/api/boq/projects","","","","server/routes.ts:14892"
"GET","/api/boq/projects/:id","","","","server/routes.ts:14903"
"POST","/api/boq/projects","","","","server/routes.ts:14915"
"PATCH","/api/boq/projects/:id","qto_boq","","assertEdit(req, res, ""qto_boq"")","server/routes.ts:14927"
"DELETE","/api/boq/projects/:id","","","assertAdmin(req, res)","server/routes.ts:14952"
"GET","/api/boq/projects/:id/program-settings","planning_masters; work_programme; work_programme_review","","assertViewEither(req, res, ""work_programme"", ""work_programme_review"", ""planning_masters"")","server/routes.ts:14965"
"GET","/api/boq/projects/:id/road-geometry","planning_masters","","assertView(req, res, ""planning_masters"")","server/routes.ts:14991"
"PUT","/api/boq/projects/:id/road-geometry","planning_masters","","assertEdit(req, res, ""planning_masters"")","server/routes.ts:15007"
"PUT","/api/boq/projects/:id/program-settings","work_programme","","assertEdit(req, res, ""work_programme"")","server/routes.ts:15080"
"GET","/api/boq/projects/:id/scope-segments","project_scope","","!req.authUser / canViewScope(req)","server/routes.ts:15106"
"GET","/api/boq/projects/:id/scope-segments/:segId/initial-correction-eligibility","","","assertAdmin(req, res)","server/routes.ts:15122"
"POST","/api/boq/projects/:id/scope-segments","project_scope","","assertEdit(req, res, ""project_scope"")","server/routes.ts:15195"
"PATCH","/api/boq/scope-segments/:segId","project_scope","","assertEdit(req, res, ""project_scope"")","server/routes.ts:15213"
"POST","/api/boq/scope-segments/:segId/correct-initial","","","assertAdmin(req, res)","server/routes.ts:15242"
"POST","/api/boq/scope-segments/:segId/confirm","project_scope","","assertApprove(req, res, ""project_scope"")","server/routes.ts:15297"
"DELETE","/api/boq/scope-segments/:segId","project_scope","","assertDelete(req, res, ""project_scope"")","server/routes.ts:15329"
"GET","/api/boq/projects/:id/scope-reconciliation","project_scope","","!req.authUser / canViewScope(req)","server/routes.ts:15352"
"PATCH","/api/boq/projects/:id/corridor","project_scope","","assertEdit(req, res, ""project_scope"")","server/routes.ts:15382"
"GET","/api/boq/projects/:id/mix-links","work_programme; work_programme_review","","assertViewEither(req, res, ""work_programme"", ""work_programme_review"")","server/routes.ts:15411"
"POST","/api/boq/projects/:id/mix-links","work_programme","","assertEdit(req, res, ""work_programme"")","server/routes.ts:15422"
"PUT","/api/boq/projects/:id/mix-links","work_programme","","assertEdit(req, res, ""work_programme"")","server/routes.ts:15434"
"DELETE","/api/boq/projects/:id/mix-links/:linkId","work_programme","","assertDelete(req, res, ""work_programme"")","server/routes.ts:15448"
"POST","/api/boq/projects/:id/duplicate","qto_boq","","assertEdit(req, res, ""qto_boq"")","server/routes.ts:15459"
"GET","/api/boq/projects/:id/categories","","","","server/routes.ts:15472"
"PATCH","/api/boq/categories/:id","","","","server/routes.ts:15482"
"DELETE","/api/boq/categories/:id","qto_boq","","assertDelete(req, res, ""qto_boq"")","server/routes.ts:15493"
"GET","/api/boq/projects/:id/items","","","","server/routes.ts:15506"
"GET","/api/boq/all-items","","","","server/routes.ts:15516"
"POST","/api/boq/projects/:id/import","","","","server/routes.ts:15533"
"PATCH","/api/boq/items/:id","qto_boq","","assertEdit(req, res, ""qto_boq"")","server/routes.ts:15581"
"POST","/api/boq/projects/:id/auto-map-all","qto_boq","","assertEdit(req, res, ""qto_boq"")","server/routes.ts:15605"
"POST","/api/boq/projects/:id/cleanup-zero-qty","","","","server/routes.ts:15638"
"PATCH","/api/boq/items/:id/work-type","work_programme_review","","assertEdit(req, res, ""work_programme_review"")","server/routes.ts:15648"
"PATCH","/api/boq/items/:id/planning-include","work_programme_review","","assertEdit(req, res, ""work_programme_review"")","server/routes.ts:15664"
"PATCH","/api/boq/projects/:id/planning-include-bulk","work_programme_review","","assertEdit(req, res, ""work_programme_review"")","server/routes.ts:15678"
"DELETE","/api/boq/items/:id","qto_boq","","assertDelete(req, res, ""qto_boq"")","server/routes.ts:15692"
"GET","/api/boq/projects/:id/revisions","","","","server/routes.ts:15705"
"POST","/api/boq/projects/:id/revisions","","","","server/routes.ts:15715"
"PATCH","/api/boq/revisions/:id/activate","","","","server/routes.ts:15738"
"DELETE","/api/boq/revisions/:id","qto_boq","","assertDelete(req, res, ""qto_boq"")","server/routes.ts:15751"
"GET","/api/boq/projects/:id/programme","work_programme; work_programme_review","","assertViewEither(req, res, ""work_programme"", ""work_programme_review"")","server/routes.ts:15765"
"POST","/api/boq/projects/:id/programme/publish-baseline","work_programme","","assertEdit(req, res, ""work_programme"")","server/routes.ts:15793"
"POST","/api/boq/programme/bars/:id/revision-preview","work_programme","","assertEdit(req, res, ""work_programme"")","server/routes.ts:15999"
"POST","/api/boq/programme/bars/:id/revise-schedule","work_programme","","assertEdit(req, res, ""work_programme"")","server/routes.ts:16010"
"GET","/api/boq/projects/:id/programme-status","qto_boq; work_programme; work_programme_review","","assertViewEither(req, res, ""qto_boq"", ""work_programme"", ""work_programme_review"")","server/routes.ts:16129"
"POST","/api/boq/projects/:id/programme","work_programme","","assertEdit(req, res, ""work_programme"")","server/routes.ts:16260"
"POST","/api/boq/projects/:id/programme/bulk","work_programme","","assertEdit(req, res, ""work_programme"")","server/routes.ts:16295"
"PATCH","/api/boq/programme/bars/:id","work_programme","","assertEdit(req, res, ""work_programme"")","server/routes.ts:16318"
"DELETE","/api/boq/programme/bars/:id","work_programme","","assertDelete(req, res, ""work_programme"") / assertDeleteOrCancel(req, res, ""work_programme"")","server/routes.ts:16382"
"POST","/api/boq/projects/:id/programme/bulk-side","work_programme","","assertEdit(req, res, ""work_programme"")","server/routes.ts:16435"
"POST","/api/boq/programme/bars/:id/split-by-side","work_programme","","assertEdit(req, res, ""work_programme"")","server/routes.ts:16478"
"POST","/api/dpr/programme-bar-outcomes","","","assertOutcomeManagerAuthority(req, res) / assertOutcomeProjectScope(req, res, bar.boqProjectId)","server/routes.ts:16601"
"GET","/api/dpr/programme-bar-outcomes","site_dprs","","assertView(req, res, ""site_dprs"") / assertOutcomeProjectScope(req, res, projectId)","server/routes.ts:16627"
"GET","/api/dpr/programme-bars","site_dprs","","assertView(req, res, ""site_dprs"") / assertOutcomeProjectScope(req, res, boqProjectId)","server/routes.ts:16650"
"POST","/api/boq/projects/:id/programme/clean-structure-bars","work_programme","","assertDelete(req, res, ""work_programme"")","server/routes.ts:16750"
"GET","/api/boq/projects/:id/monthly-targets","work_programme; work_programme_review","","assertViewEither(req, res, ""work_programme"", ""work_programme_review"")","server/routes.ts:16849"
"GET","/api/boq/projects/:id/plan-vs-actual","work_programme_review","","assertView(req, res, ""work_programme_review"")","server/routes.ts:16860"
"GET","/api/reports/progress","site_dprs","","assertView(req, res, ""site_dprs"")","server/routes.ts:16951"
"GET","/api/reports/progress/export","site_dprs","","assertExport(req, res, ""site_dprs"") / assertView(req, res, ""site_dprs"")","server/routes.ts:16971"
"GET","/api/boq/items/by-ids","","","assertAuthed(req, res)","server/routes.ts:17062"
"GET","/api/boq/items/:itemId/recipes","","","","server/routes.ts:17094"
"GET","/api/boq/projects/:id/resource-review","work_programme_review","","assertView(req, res, ""work_programme_review"")","server/routes.ts:17106"
"GET","/api/boq/items/:itemId/equipment","","","","server/routes.ts:17117"
"PUT","/api/boq/items/:itemId/equipment","work_programme_review","","assertEdit(req, res, ""work_programme_review"")","server/routes.ts:17125"
"GET","/api/boq/items/:itemId/labour","","","","server/routes.ts:17138"
"PUT","/api/boq/items/:itemId/labour","work_programme_review","","assertEdit(req, res, ""work_programme_review"")","server/routes.ts:17146"
"GET","/api/boq/items/:itemId/materials","","","","server/routes.ts:17159"
"PUT","/api/boq/items/:itemId/materials","work_programme_review","","assertEdit(req, res, ""work_programme_review"")","server/routes.ts:17167"
"GET","/api/boq/projects/:id/recipe-materials-used","","","","server/routes.ts:17180"
"GET","/api/boq/projects/:id/bom","work_programme_review","","assertView(req, res, ""work_programme_review"")","server/routes.ts:17740"
"GET","/api/boq/projects/:id/shortage-check","work_programme_review","","assertView(req, res, ""work_programme_review"") / cands.some(c => c.id === mat.id) / cands.push({ id: mat.id, name: mat.name, category: mat.category ?? null, defaultUom: mat.defaultUom ?? null })","server/routes.ts:17780"
"GET","/api/boq/projects/:id/earthwork-arrangements","work_programme; work_programme_review","","assertViewEither(req, res, ""work_programme"", ""work_programme_review"")","server/routes.ts:18438"
"GET","/api/boq/projects/:id/earthwork-arrangements/item/:itemId","work_programme; work_programme_review","","assertViewEither(req, res, ""work_programme"", ""work_programme_review"")","server/routes.ts:18451"
"GET","/api/boq/projects/:id/cut-fill-reconciliation","","","assertCutFillProjectAccess(req, res, projectId)","server/routes.ts:18623"
"PUT","/api/boq/projects/:id/cut-fill-reconciliation/activation","","","assertCutFillProjectAccess(req, res, projectId, true)","server/routes.ts:18636"
"PUT","/api/boq/projects/:id/cut-fill-opening-balances/:sourceBoqItemId","","","assertCutFillProjectAccess(req, res, projectId, true)","server/routes.ts:18649"
"GET","/api/boq/projects/:id/cut-fill-sources","","","assertCutFillProjectAccess(req, res, projectId)","server/routes.ts:18671"
"POST","/api/boq/projects/:id/earthwork-arrangements","work_programme","","assertAuthed(req, res) / assertEdit(req, res, ""work_programme"")","server/routes.ts:18688"
"GET","/api/earthwork-arrangements/:id","","","assertAuthed(req, res)","server/routes.ts:19044"
"GET","/api/earthwork-arrangements/:id/execution-evidence","work_programme; work_programme_review","","assertAuthed(req, res) / assertViewEither(req, res, ""work_programme"", ""work_programme_review"") / assertOutcomeProjectScope(req, res, arrangement.boqProjectId)","server/routes.ts:19063"
"PATCH","/api/earthwork-arrangements/:id","work_programme","","assertAuthed(req, res) / assertEdit(req, res, ""work_programme"") / assertOutcomeManagerAuthority(req, res) / assertApprove(req, res, ""work_programme"")","server/routes.ts:19186"
"DELETE","/api/earthwork-arrangements/:id","work_programme","","assertAuthed(req, res) / assertDelete(req, res, ""work_programme"")","server/routes.ts:19808"
"GET","/api/boq/projects/:id/arrangement-programme-allocations","work_programme; work_programme_review","","assertViewEither(req, res, ""work_programme"", ""work_programme_review"") / assertAuthed(req, res)","server/routes.ts:19867"
"POST","/api/earthwork-arrangements/:id/programme-allocations","work_programme","","assertAuthed(req, res) / assertEdit(req, res, ""work_programme"")","server/routes.ts:19969"
"PATCH","/api/earthwork-arrangements/:id/programme-allocations/:allocId","work_programme","","assertAuthed(req, res) / assertEdit(req, res, ""work_programme"")","server/routes.ts:19994"
"DELETE","/api/earthwork-arrangements/:id/programme-allocations/:allocId","work_programme","","assertAuthed(req, res) / assertDelete(req, res, ""work_programme"")","server/routes.ts:20019"
"GET","/api/earthwork-arrangements/:id/progress","work_programme; work_programme_review","","assertViewEither(req, res, ""work_programme"", ""work_programme_review"") / assertAuthed(req, res)","server/routes.ts:20044"
"GET","/api/boq/projects/:id/earthwork-baselines/item/:itemId","work_programme_review","","assertView(req, res, ""work_programme_review"") / assertAuthed(req, res)","server/routes.ts:20060"
"POST","/api/boq/projects/:id/earthwork-baselines","work_programme_review","","assertAuthed(req, res) / assertEdit(req, res, ""work_programme_review"")","server/routes.ts:20075"
"GET","/api/boq/projects/:id/earthwork-forecasts/item/:itemId","work_programme_review","","assertView(req, res, ""work_programme_review"") / assertAuthed(req, res)","server/routes.ts:20102"
"POST","/api/boq/projects/:id/earthwork-forecasts","work_programme_review","","assertAuthed(req, res) / assertEdit(req, res, ""work_programme_review"")","server/routes.ts:20117"
"PATCH","/api/earthwork-forecasts/:id","work_programme_review","","assertAuthed(req, res) / assertEdit(req, res, ""work_programme_review"")","server/routes.ts:20155"
"PATCH","/api/boq/items/:itemId/shoulder-class","work_programme_review","","assertAuthed(req, res) / assertEdit(req, res, ""work_programme_review"")","server/routes.ts:20182"
"PATCH","/api/boq/items/:itemId/bulk-classification","work_programme_review","","assertAuthed(req, res) / assertEdit(req, res, ""work_programme_review"")","server/routes.ts:20220"
"GET","/api/boq/projects/:id/material-mappings","","","","server/routes.ts:20256"
"POST","/api/boq/projects/:id/material-mappings","purchase_indents_approve","","assertApprove(req, res, ""purchase_indents_approve"")","server/routes.ts:20269"
"GET","/api/plant-materials/search","","","","server/routes.ts:20346"
"POST","/api/material-requirements","site_procurement","","assertCreate(req, res, ""site_procurement"")","server/routes.ts:20410"
"GET","/api/material-requirements/:id","","","","server/routes.ts:20477"
"POST","/api/material-requirements/:id/allocations","purchase_indents_approve; irn_approve","","assertApprove(req, res, ""purchase_indents_approve"") / assertApprove(req, res, ""irn_approve"")","server/routes.ts:20491"
"GET","/api/material-requirements/:id/allocations","","","","server/routes.ts:20551"
"GET","/api/planning/equipment-types","planning_masters","","assertView(req, res, ""planning_masters"")","server/routes.ts:20565"
"POST","/api/boq/projects/:id/auto-sequence","work_programme","","assertEdit(req, res, ""work_programme"")","server/routes.ts:20576"
"POST","/api/boq/projects/:id/parse-structure-schedule","work_programme","structureUpload.single(""file"")","assertEdit(req, res, ""work_programme"")","server/routes.ts:21302"
"POST","/api/boq/projects/:id/auto-sequence-structures","work_programme","","assertEdit(req, res, ""work_programme"")","server/routes.ts:21805"
"POST","/api/boq/projects/:id/import-structure","work_programme","","assertEdit(req, res, ""work_programme"")","server/routes.ts:21834"
"POST","/api/boq/projects/:id/programme/restore","work_programme","","assertEdit(req, res, ""work_programme"")","server/routes.ts:22145"
"POST","/api/boq/projects/:id/auto-build-recipes","work_programme_review","","assertEdit(req, res, ""work_programme_review"")","server/routes.ts:22169"
"POST","/api/planning/equipment-types","planning_masters","","assertEdit(req, res, ""planning_masters"")","server/routes.ts:22311"
"PATCH","/api/planning/equipment-types/:id","planning_masters","","assertEdit(req, res, ""planning_masters"")","server/routes.ts:22321"
"DELETE","/api/planning/equipment-types/:id","","","assertAdmin(req, res)","server/routes.ts:22332"
"GET","/api/planning/labour-types","planning_masters","","assertView(req, res, ""planning_masters"")","server/routes.ts:22343"
"POST","/api/planning/labour-types","planning_masters","","assertEdit(req, res, ""planning_masters"")","server/routes.ts:22353"
"PATCH","/api/planning/labour-types/:id","planning_masters","","assertEdit(req, res, ""planning_masters"")","server/routes.ts:22363"
"DELETE","/api/planning/labour-types/:id","","","assertAdmin(req, res)","server/routes.ts:22374"
"POST","/api/planning/seed-morth","","","assertAdmin(req, res)","server/routes.ts:22386"
"GET","/api/planning/mix-templates","planning_masters; work_programme; work_programme_review","","assertViewEither(req, res, ""planning_masters"", ""work_programme"", ""work_programme_review"")","server/routes.ts:22398"
"GET","/api/planning/mix-templates/:id/components","planning_masters; work_programme; work_programme_review","","assertViewEither(req, res, ""planning_masters"", ""work_programme"", ""work_programme_review"")","server/routes.ts:22408"
"GET","/api/snl/sources","qto_boq; work_programme_review; norms_library","","assertViewEither(req, res, ""norms_library"", ""qto_boq"", ""work_programme_review"")","server/routes.ts:22431"
"GET","/api/snl/sources/:id","qto_boq; work_programme_review; norms_library","","assertViewEither(req, res, ""norms_library"", ""qto_boq"", ""work_programme_review"")","server/routes.ts:22440"
"GET","/api/snl/sources/:id/items","qto_boq; work_programme_review; norms_library","","assertViewEither(req, res, ""norms_library"", ""qto_boq"", ""work_programme_review"")","server/routes.ts:22451"
"GET","/api/boq/items/:id/equipment-output-suggestion","","","","server/routes.ts:22465"
"GET","/api/snl/items/:id","qto_boq; work_programme_review; norms_library","","assertViewEither(req, res, ""norms_library"", ""qto_boq"", ""work_programme_review"")","server/routes.ts:22477"
"GET","/api/snl/search","qto_boq; work_programme_review; norms_library","","assertViewEither(req, res, ""norms_library"", ""qto_boq"", ""work_programme_review"")","server/routes.ts:22488"
"GET","/api/snl/mappings/:boqItemId","qto_boq; work_programme_review; norms_library","","assertViewEither(req, res, ""norms_library"", ""qto_boq"", ""work_programme_review"")","server/routes.ts:22516"
"POST","/api/snl/mappings","norms_library","","assertEdit(req, res, ""norms_library"")","server/routes.ts:22526"
"POST","/api/snl/mappings/:boqItemId/apply","norms_library","","assertEdit(req, res, ""norms_library"")","server/routes.ts:22546"
"DELETE","/api/snl/mappings/:boqItemId","norms_library","","assertDelete(req, res, ""norms_library"")","server/routes.ts:22572"
"POST","/api/boq/projects/:id/remap","","","","server/routes.ts:22582"
"POST","/api/boq/projects/:id/snl/auto-map-all","norms_library","","assertEdit(req, res, ""norms_library"")","server/routes.ts:22593"
"POST","/api/boq/projects/:id/snl/confirm-review","norms_library","","assertEdit(req, res, ""norms_library"")","server/routes.ts:22606"
"GET","/api/boq/items/:id/components","","","","server/routes.ts:22685"
"POST","/api/boq/items/:id/components/:compId/map","","","","server/routes.ts:22697"
"POST","/api/snl/seed","","","assertAdmin(req, res)","server/routes.ts:22714"
"POST","/api/snl/import","","upload.single(""file"")","assertAdmin(req, res)","server/routes.ts:22728"
"GET","/api/snl/import-template","norms_library","","assertExport(req, res, ""norms_library"")","server/routes.ts:22753"
"POST","/api/site-requirements","","requireAuth","","server/routes.ts:23281"
"GET","/api/site-requirements","site_dprs","requireAuth","","server/routes.ts:23304"
"GET","/api/site-requirements/:id","site_dprs","requireAuth","","server/routes.ts:23329"
"PATCH","/api/site-requirements/:id/status","site_dprs","requireAuth","assertApprove(req, res, ""site_dprs"") / requirementApprovalBlock(req.authUser, existing.submittedBy)","server/routes.ts:23344"
"PATCH","/api/site-requirements/:id/allocation","","requireAuth","","server/routes.ts:23373"
"PATCH","/api/site-requirements/:id/item-status","plant_equipment; stores_inventory; labour_management","requireAuth","","server/routes.ts:23395"
"PATCH","/api/site-requirements/:id/readiness","","requireAuth","","server/routes.ts:23511"
"GET","/api/site-requirements/:id/execution-summary","","requireAuth","","server/routes.ts:23542"
"POST","/api/site-requirements/:id/outcome","","requireAuth","","server/routes.ts:23586"
"PUT","/api/site-requirements/:id","","requireAuth","row.submittedBy !== req.authUser.id","server/routes.ts:23656"
"POST","/api/site-requirements/:id/revision-request","","requireAuth","row.submittedBy !== req.authUser.id","server/routes.ts:23690"
"PATCH","/api/site-requirements/:id/revision-approve","site_dprs","requireAuth","assertApprove(req, res, ""site_dprs"") / requirementApprovalBlock(req.authUser, row.submittedBy)","server/routes.ts:23711"
"PATCH","/api/site-requirements/:id/revision-reject","site_dprs","requireAuth","assertApprove(req, res, ""site_dprs"") / requirementApprovalBlock(req.authUser, row.submittedBy)","server/routes.ts:23734"
"USE","*","","","","server/static.ts:16"
"GET","/api/vendor-master","","","canView(req, res)","server/vendor-master.ts:96"
"POST","/api/vendor-master","","","canManage(req, res)","server/vendor-master.ts:104"
"PATCH","/api/vendor-master/:id","","","canManage(req, res)","server/vendor-master.ts:112"
"GET","/api/vendor-master/review","","","canManage(req, res)","server/vendor-master.ts:123"
"POST","/api/vendor-master/review/confirm","","","canManage(req, res)","server/vendor-master.ts:152"
"GET","/api/vendor-master/:id/activity","","","canView(req, res)","server/vendor-master.ts:200"
"USE","*","","","","server/vite.ts:34"