source,call
"server/index.ts:70","(async () => { initPush(); // ── Pre-routes: critical schema ensures ─────────────────────────────────── // These MUST complete before routes register — route handlers read these columns. // Run in parallel: all are idempotent ADD COLUMN / CREATE TABLE IF NOT EXISTS. await Promise.all([ storage.ensureBulkDensityColumn() .catch(e => console.error(""Pre-routes: Failed to ensure bulk_density column:"", e)), storage.ensureStoreCancellationColumns() .then(() => console.log(""Startup: ensureStoreCancellationColumns — store_grns cancellation + self-approval columns verified/added"")) .catch(e => console.error(""Pre-routes: Failed to ensure store cancellation columns:"", e)), storage.ensureOrderColumns() .then(() => console.log(""Startup: ensureOrderColumns — purchase_indent_items order tracking columns verified/added"")) .catch(e => console.error(""Pre-routes: Failed to ensure order columns:"", e)), storage.ensureMaterialRequirementsTable() .then(() => console.log(""Startup: ensureMaterialRequirementsTable — material_requirements table + PI/IRN requirementId columns verified/added"")) .catch(e => console.error(""Pre-routes: Failed to ensure material requirements table:"", e)), storage.ensureBoqMaterialMappings() .then(() => console.log(""Startup: ensureBoqMaterialMappings — boq_material_mappings table verified/created"")) .catch(e => console.error(""Pre-routes: Failed to ensure boq_material_mappings table:"", e)), storage.ensureProgrammeBarOutcomeEventsTable() .then(() => console.log(""Startup: programme_bar_outcome_events table verified/created"")) .catch(e => console.error(""Pre-routes: Failed to ensure programme bar outcome events table:"", e)), storage.ensureStockReconciliationTables() .then(() => console.log(""Startup: ensureStockReconciliationTables — stock_reconciliation_sessions/items tables verified/created"")) .catch(e => console.error(""Pre-routes: Failed to ensure stock reconciliation tables:"", e)), // road_geometry_profiles is now managed through the normal schema path // (shared/schema.ts + drizzle push) — startup DDL removed so the publish // migration diff can never see a runtime-created table it wants to drop. storage.ensureVendorBillPaymentColumns() .then(() => console.log(""Startup: ensureVendorBillPaymentColumns — vendor_bills payment columns + diesel payment_status columns verified/added"")) .catch(e => console.error(""Pre-routes: Failed to ensure vendor bill payment columns:"", e)), storage.ensureTransportPricingColumn() .then(() => console.log(""Startup: transport pricing snapshot column verified/added"")) .catch(err => console.error(""Startup transport pricing schema failed:"", err)), storage.ensureVendorBillAdditionalAdjustmentsColumn() .then(() => console.log(""Startup: ensureVendorBillAdditionalAdjustmentsColumn — VB18 JSONB adjustment list verified/added"")) .catch(e => console.error(""Pre-routes: Failed to ensure VB18 vendor bill adjustment column:"", e)), storage.ensureMaterialReceiptDieselLinkColumn() .then(() => console.log(""Startup: ensureMaterialReceiptDieselLinkColumn — material_receipts Diesel linkage/exception columns verified/added"")) .catch(e => console.error(""Pre-routes: Failed to ensure material receipt diesel link column:"", e)), storage.ensureProjectScopeSchema() .then(() => console.log(""Startup: ensureProjectScopeSchema — project_scope_segments table + corridor/scope columns verified/added"")) .catch(e => console.error(""Pre-routes: Failed to ensure project scope schema:"", e)), storage.ensureUserAccessColumns() .then(() => console.log(""Startup: ensureUserAccessColumns — users.all_sites_access + setup_complete verified/added"")) .catch(e => console.error(""Pre-routes: Failed to ensure user access columns:"", e)), storage.ensureWorkProgrammeRevisionColumns() .then(() => console.log(""Startup: ensureWorkProgrammeRevisionColumns — baseline + revision history columns verified/backfilled"")) .catch(e => console.error(""Pre-routes: Failed to ensure work programme revision columns:"", e)), // Maintenance routes (and DPR breakdown reconciliation) read these tables // synchronously. Keep their schema guard in the pre-routes barrier rather // than racing it in the post-listen migration runner. storage.ensureMaintenanceTables() .then(() => console.log(""Startup: equipment_maintenance_logs and maintenance_parts_used tables ensured"")) .catch(e => console.error(""Pre-routes: Failed to ensure maintenance tables:"", e)), // ── Earthwork tables — MUST complete before routes register ─────────────── // Earthwork POST/PATCH routes check the earthworkSchemaReady flag (set below). // Runs here (blocking) so the flag is true before any request arrives. (async () => { try { await (storage as any).ensureEarthworkTables(); await (storage as any).repairLegacyCutFillArrangementSources(); // Verify every column the INSERT uses actually exists const colResult = await db.execute(sql` SELECT column_name FROM information_schema.columns WHERE table_name = 'earthwork_arrangements' `); const existing = new Set((colResult.rows as any[]).map((r: any) => r.column_name)); const required = [ ""boq_project_id"",""boq_item_id"",""boq_item_allocations"",""material_label"", ""arrangement_type"",""agency_name"",""work_description"",""reach_label"", ""chainage_from"",""chainage_to"",""allocated_qty"",""uom"",""agreed_rate"",""trip_rates"", ""borrow_source"",""avg_lead_km"",""mobilisation_date"",""planned_start_date"", ""actual_start_date"",""target_completion_date"",""planned_daily_output"", ""working_hours_per_shift"",""num_excavators"",""excavator_type"",""num_tippers"", ""tipper_capacity_cum"",""diesel_responsibility"",""components"",""inclusions"", ""exclusions"",""notes"",""status"",""prepared_by_user_id"",""submitted_at"", ""approved_by_user_id"",""approved_at"",""returned_at"",""on_hold_reason"", ""completed_at"",""rejection_reason"",""cancellation_reason"",""created_at"",""updated_at"", ""source_excavation_boq_item_id"", ""work_category"",""bituminous_item_type"", ""scope_segment_ids"", // Instruction 031 B3 — Applicable Scope linkage ]; const missing = required.filter(c => !existing.has(c)); if (missing.length > 0) { console.error(`Startup: earthwork_arrangements missing columns: ${missing.join("", "")} — Earthwork APIs will be unavailable`); } else { console.log(`Startup: ensureEarthworkTables — all ${required.length} required columns verified; Earthwork APIs ready`); setEarthworkSchemaReady(true); } } catch (e) { console.error(""Startup: CRITICAL — Failed to ensure earthwork tables:"", e); // earthworkSchemaReady stays false; mutation routes return EARTHWORK_SCHEMA_NOT_READY } })(), ]); // DPR relational reads select every equipment_logs column. Ensure the // equipment lifecycle/tank columns exist before routes can receive traffic; // running this in the background creates a cold-start window where // /api/dprs/with-details fails with a missing-column error. await (storage as any).ensureEquipmentUsageAuditColumns(); console.log(""Startup: ensureEquipmentUsageAuditColumns — audit columns verified before serving""); const uppercaseBackfill = await storage.backfillUppercaseBusinessText(); if (uppercaseBackfill.boqProjects > 0) { console.log(`Startup: backfillUppercaseBusinessText — normalized BOQ projects: ${uppercaseBackfill.boqProjects}`); } // One durable, additive migration; do not serve new View gates until complete. const accessMigration = await runPermissionAccessMigration(pool); console.log(""Startup: PERM-PROD-01"", JSON.stringify(accessMigration)); await registerRoutes(httpServer, app); // ── Start serving immediately — background migrations run after listen ───── // Error handler must sit after all routes but before Vite / static (Express order). app.use((err: any, _req: Request, res: Response, _next: NextFunction) => { const status = err.status || err.statusCode || 500; const message = err.message || ""Internal Server Error""; res.status(status).json({ message }); throw err; }); if (process.env.NODE_ENV === ""production"") { serveStatic(app); } else { const { setupVite } = await import(""./vite""); await setupVite(httpServer, app); } const port = parseInt(process.env.PORT || ""5000"", 10); httpServer.listen({ port, host: ""0.0.0.0"", reusePort: true }, () => { log(`serving on port ${port}`); }); // Kick off background migrations — these do NOT block the server. // Safe because: (a) all are idempotent, (b) routes handle missing data gracefully, // (c) on a warm DB the entire chain finishes in seconds. void runBackgroundMigrations(); })()"
"server/index.ts:77","storage.ensureBulkDensityColumn() .catch(e => console.error(""Pre-routes: Failed to ensure bulk_density column:"", e))"
"server/index.ts:77","storage.ensureBulkDensityColumn()"
"server/index.ts:79","storage.ensureStoreCancellationColumns() .then(() => console.log(""Startup: ensureStoreCancellationColumns — store_grns cancellation + self-approval columns verified/added"")) .catch(e => console.error(""Pre-routes: Failed to ensure store cancellation columns:"", e))"
"server/index.ts:79","storage.ensureStoreCancellationColumns() .then(() => console.log(""Startup: ensureStoreCancellationColumns — store_grns cancellation + self-approval columns verified/added""))"
"server/index.ts:79","storage.ensureStoreCancellationColumns()"
"server/index.ts:82","storage.ensureOrderColumns() .then(() => console.log(""Startup: ensureOrderColumns — purchase_indent_items order tracking columns verified/added"")) .catch(e => console.error(""Pre-routes: Failed to ensure order columns:"", e))"
"server/index.ts:82","storage.ensureOrderColumns() .then(() => console.log(""Startup: ensureOrderColumns — purchase_indent_items order tracking columns verified/added""))"
"server/index.ts:82","storage.ensureOrderColumns()"
"server/index.ts:85","storage.ensureMaterialRequirementsTable() .then(() => console.log(""Startup: ensureMaterialRequirementsTable — material_requirements table + PI/IRN requirementId columns verified/added"")) .catch(e => console.error(""Pre-routes: Failed to ensure material requirements table:"", e))"
"server/index.ts:85","storage.ensureMaterialRequirementsTable() .then(() => console.log(""Startup: ensureMaterialRequirementsTable — material_requirements table + PI/IRN requirementId columns verified/added""))"
"server/index.ts:85","storage.ensureMaterialRequirementsTable()"
"server/index.ts:88","storage.ensureBoqMaterialMappings() .then(() => console.log(""Startup: ensureBoqMaterialMappings — boq_material_mappings table verified/created"")) .catch(e => console.error(""Pre-routes: Failed to ensure boq_material_mappings table:"", e))"
"server/index.ts:88","storage.ensureBoqMaterialMappings() .then(() => console.log(""Startup: ensureBoqMaterialMappings — boq_material_mappings table verified/created""))"
"server/index.ts:88","storage.ensureBoqMaterialMappings()"
"server/index.ts:91","storage.ensureProgrammeBarOutcomeEventsTable() .then(() => console.log(""Startup: programme_bar_outcome_events table verified/created"")) .catch(e => console.error(""Pre-routes: Failed to ensure programme bar outcome events table:"", e))"
"server/index.ts:91","storage.ensureProgrammeBarOutcomeEventsTable() .then(() => console.log(""Startup: programme_bar_outcome_events table verified/created""))"
"server/index.ts:91","storage.ensureProgrammeBarOutcomeEventsTable()"
"server/index.ts:94","storage.ensureStockReconciliationTables() .then(() => console.log(""Startup: ensureStockReconciliationTables — stock_reconciliation_sessions/items tables verified/created"")) .catch(e => console.error(""Pre-routes: Failed to ensure stock reconciliation tables:"", e))"
"server/index.ts:94","storage.ensureStockReconciliationTables() .then(() => console.log(""Startup: ensureStockReconciliationTables — stock_reconciliation_sessions/items tables verified/created""))"
"server/index.ts:94","storage.ensureStockReconciliationTables()"
"server/index.ts:100","storage.ensureVendorBillPaymentColumns() .then(() => console.log(""Startup: ensureVendorBillPaymentColumns — vendor_bills payment columns + diesel payment_status columns verified/added"")) .catch(e => console.error(""Pre-routes: Failed to ensure vendor bill payment columns:"", e))"
"server/index.ts:100","storage.ensureVendorBillPaymentColumns() .then(() => console.log(""Startup: ensureVendorBillPaymentColumns — vendor_bills payment columns + diesel payment_status columns verified/added""))"
"server/index.ts:100","storage.ensureVendorBillPaymentColumns()"
"server/index.ts:103","storage.ensureTransportPricingColumn() .then(() => console.log(""Startup: transport pricing snapshot column verified/added"")) .catch(err => console.error(""Startup transport pricing schema failed:"", err))"
"server/index.ts:103","storage.ensureTransportPricingColumn() .then(() => console.log(""Startup: transport pricing snapshot column verified/added""))"
"server/index.ts:103","storage.ensureTransportPricingColumn()"
"server/index.ts:106","storage.ensureVendorBillAdditionalAdjustmentsColumn() .then(() => console.log(""Startup: ensureVendorBillAdditionalAdjustmentsColumn — VB18 JSONB adjustment list verified/added"")) .catch(e => console.error(""Pre-routes: Failed to ensure VB18 vendor bill adjustment column:"", e))"
"server/index.ts:106","storage.ensureVendorBillAdditionalAdjustmentsColumn() .then(() => console.log(""Startup: ensureVendorBillAdditionalAdjustmentsColumn — VB18 JSONB adjustment list verified/added""))"
"server/index.ts:106","storage.ensureVendorBillAdditionalAdjustmentsColumn()"
"server/index.ts:109","storage.ensureMaterialReceiptDieselLinkColumn() .then(() => console.log(""Startup: ensureMaterialReceiptDieselLinkColumn — material_receipts Diesel linkage/exception columns verified/added"")) .catch(e => console.error(""Pre-routes: Failed to ensure material receipt diesel link column:"", e))"
"server/index.ts:109","storage.ensureMaterialReceiptDieselLinkColumn() .then(() => console.log(""Startup: ensureMaterialReceiptDieselLinkColumn — material_receipts Diesel linkage/exception columns verified/added""))"
"server/index.ts:109","storage.ensureMaterialReceiptDieselLinkColumn()"
"server/index.ts:112","storage.ensureProjectScopeSchema() .then(() => console.log(""Startup: ensureProjectScopeSchema — project_scope_segments table + corridor/scope columns verified/added"")) .catch(e => console.error(""Pre-routes: Failed to ensure project scope schema:"", e))"
"server/index.ts:112","storage.ensureProjectScopeSchema() .then(() => console.log(""Startup: ensureProjectScopeSchema — project_scope_segments table + corridor/scope columns verified/added""))"
"server/index.ts:112","storage.ensureProjectScopeSchema()"
"server/index.ts:115","storage.ensureUserAccessColumns() .then(() => console.log(""Startup: ensureUserAccessColumns — users.all_sites_access + setup_complete verified/added"")) .catch(e => console.error(""Pre-routes: Failed to ensure user access columns:"", e))"
"server/index.ts:115","storage.ensureUserAccessColumns() .then(() => console.log(""Startup: ensureUserAccessColumns — users.all_sites_access + setup_complete verified/added""))"
"server/index.ts:115","storage.ensureUserAccessColumns()"
"server/index.ts:118","storage.ensureWorkProgrammeRevisionColumns() .then(() => console.log(""Startup: ensureWorkProgrammeRevisionColumns — baseline + revision history columns verified/backfilled"")) .catch(e => console.error(""Pre-routes: Failed to ensure work programme revision columns:"", e))"
"server/index.ts:118","storage.ensureWorkProgrammeRevisionColumns() .then(() => console.log(""Startup: ensureWorkProgrammeRevisionColumns — baseline + revision history columns verified/backfilled""))"
"server/index.ts:118","storage.ensureWorkProgrammeRevisionColumns()"
"server/index.ts:124","storage.ensureMaintenanceTables() .then(() => console.log(""Startup: equipment_maintenance_logs and maintenance_parts_used tables ensured"")) .catch(e => console.error(""Pre-routes: Failed to ensure maintenance tables:"", e))"
"server/index.ts:124","storage.ensureMaintenanceTables() .then(() => console.log(""Startup: equipment_maintenance_logs and maintenance_parts_used tables ensured""))"
"server/index.ts:124","storage.ensureMaintenanceTables()"
"server/index.ts:130","(async () => { try { await (storage as any).ensureEarthworkTables(); await (storage as any).repairLegacyCutFillArrangementSources(); // Verify every column the INSERT uses actually exists const colResult = await db.execute(sql` SELECT column_name FROM information_schema.columns WHERE table_name = 'earthwork_arrangements' `); const existing = new Set((colResult.rows as any[]).map((r: any) => r.column_name)); const required = [ ""boq_project_id"",""boq_item_id"",""boq_item_allocations"",""material_label"", ""arrangement_type"",""agency_name"",""work_description"",""reach_label"", ""chainage_from"",""chainage_to"",""allocated_qty"",""uom"",""agreed_rate"",""trip_rates"", ""borrow_source"",""avg_lead_km"",""mobilisation_date"",""planned_start_date"", ""actual_start_date"",""target_completion_date"",""planned_daily_output"", ""working_hours_per_shift"",""num_excavators"",""excavator_type"",""num_tippers"", ""tipper_capacity_cum"",""diesel_responsibility"",""components"",""inclusions"", ""exclusions"",""notes"",""status"",""prepared_by_user_id"",""submitted_at"", ""approved_by_user_id"",""approved_at"",""returned_at"",""on_hold_reason"", ""completed_at"",""rejection_reason"",""cancellation_reason"",""created_at"",""updated_at"", ""source_excavation_boq_item_id"", ""work_category"",""bituminous_item_type"", ""scope_segment_ids"", // Instruction 031 B3 — Applicable Scope linkage ]; const missing = required.filter(c => !existing.has(c)); if (missing.length > 0) { console.error(`Startup: earthwork_arrangements missing columns: ${missing.join("", "")} — Earthwork APIs will be unavailable`); } else { console.log(`Startup: ensureEarthworkTables — all ${required.length} required columns verified; Earthwork APIs ready`); setEarthworkSchemaReady(true); } } catch (e) { console.error(""Startup: CRITICAL — Failed to ensure earthwork tables:"", e); // earthworkSchemaReady stays false; mutation routes return EARTHWORK_SCHEMA_NOT_READY } })()"
"server/index.ts:132","(storage as any).ensureEarthworkTables()"
"server/index.ts:173","(storage as any).ensureEquipmentUsageAuditColumns()"
"server/index.ts:176","storage.backfillUppercaseBusinessText()"
"server/index.ts:220","(async () => { try { await storage.ensureBoqProgramSettingsTables(); console.log(""Startup: boq_program_settings and boq_mix_template_links tables ensured""); } catch (e) { console.error(""Startup: Failed to ensure BOQ program settings tables:"", e); } })()"
"server/index.ts:220","storage.ensureBoqProgramSettingsTables()"
"server/index.ts:221","(async () => { try { await storage.ensureRmcTables(); console.log(""Startup: RMC tables ensured""); } catch (e) { console.error(""Startup: Failed to ensure RMC tables:"", e); } })()"
"server/index.ts:221","storage.ensureRmcTables()"
"server/index.ts:222","(async () => { try { await storage.ensureSiteRequirementsTable(); console.log(""Startup: site_requirements table ensured""); } catch (e) { console.error(""Startup: Failed to ensure site_requirements table:"", e); } })()"
"server/index.ts:222","storage.ensureSiteRequirementsTable()"
"server/index.ts:223","(async () => { try { await (storage as any).ensureStructureBarColumns(); console.log(""Startup: ensureStructureBarColumns — structure bar columns verified""); } catch (e) { console.error(""Startup: Failed to ensure structure bar columns:"", e); } })()"
"server/index.ts:223","(storage as any).ensureStructureBarColumns()"
"server/index.ts:224","(async () => { try { const r = await (storage as any).ensureBoqCanonicalUnit(); if (r.units > 0 || r.categories > 0 || r.unitsCleaned > 0) console.log(`Startup: ensureBoqCanonicalUnit — backfilled units: ${r.units}, work categories: ${r.categories}, raw units cleaned: ${r.unitsCleaned}`); } catch (e) { console.error(""Startup: Failed to ensure BOQ canonical units:"", e); } })()"
"server/index.ts:224","(storage as any).ensureBoqCanonicalUnit()"
"server/index.ts:225","(async () => { try { await storage.ensureHeatingSessionDipColumns(); } catch (e) { console.error(""Startup: Failed to ensure heating session dip columns:"", e); } })()"
"server/index.ts:225","storage.ensureHeatingSessionDipColumns()"
"server/index.ts:226","(async () => { try { await storage.ensureMaterialOpeningStockTankNumber(); } catch (e) { console.error(""Startup: Failed to ensure material opening stock tank_number column:"", e); } })()"
"server/index.ts:226","storage.ensureMaterialOpeningStockTankNumber()"
"server/index.ts:227","(async () => { try { await storage.ensureSiteIdColumns(); } catch (e) { console.error(""Startup: Failed to ensure site_id columns on diesel_requirements/purchase_indents:"", e); } })()"
"server/index.ts:227","storage.ensureSiteIdColumns()"
"server/index.ts:228","(async () => { try { await storage.ensurePendingStoreReceiptColumns(); console.log(""Startup: ensurePendingStoreReceiptColumns — Batch 11 columns verified/added""); } catch (e) { console.error(""Startup: Failed to ensure Batch 11 Pending Store Receipt columns:"", e); } })()"
"server/index.ts:228","storage.ensurePendingStoreReceiptColumns()"
"server/index.ts:229","(async () => { try { await (storage as any).ensurePendingPlantReceiptsTable(); console.log(""Startup: ensurePendingPlantReceiptsTable — Batch 12 table ensured""); } catch (e) { console.error(""Startup: Failed to ensure pending_plant_receipts table:"", e); } })()"
"server/index.ts:229","(storage as any).ensurePendingPlantReceiptsTable()"
"server/index.ts:230","(async () => { try { await (storage as any).ensureServiceCompletionsTable(); console.log(""Startup: ensureServiceCompletionsTable — Batch 13 table ensured""); } catch (e) { console.error(""Startup: Failed to ensure service_completions table:"", e); } })()"
"server/index.ts:230","(storage as any).ensureServiceCompletionsTable()"
"server/index.ts:231","(async () => { try { await (storage as any).ensureSiteMaterialTripsLinkageColumns(); console.log(""Startup: ensureSiteMaterialTripsLinkageColumns — Batch 14 columns ensured""); } catch (e) { console.error(""Startup: Failed to ensure site_material_trips linkage columns:"", e); } })()"
"server/index.ts:231","(storage as any).ensureSiteMaterialTripsLinkageColumns()"
"server/index.ts:232","(async () => { try { await (storage as any).ensureSiteEnabledModulesColumn(); } catch (e) { console.error(""Startup: Failed to ensure enabled_modules column on sites:"", e); } })()"
"server/index.ts:232","(storage as any).ensureSiteEnabledModulesColumn()"
"server/index.ts:233","(async () => { try { await storage.ensureMaterialUomConversionsTable(); console.log(""Startup: ensureMaterialUomConversionsTable — material_uom_conversions table + BOQ mapping columns verified/added""); } catch (e) { console.error(""Startup: Failed to ensure material_uom_conversions table:"", e); } })()"
"server/index.ts:233","storage.ensureMaterialUomConversionsTable()"
"server/index.ts:240","(async () => { try { const existingEquip = await storage.getPlanningEquipmentTypes(true); if (existingEquip.length === 0) { const r = await storage.seedPlanningMorthDefaults(); console.log(`Startup: seedPlanningMorthDefaults — equipment: ${r.equipmentInserted}, labour: ${r.labourInserted}`); } } catch (e) { console.error(""Startup: seedPlanningMorthDefaults failed:"", e); } })()"
"server/index.ts:244","storage.seedPlanningMorthDefaults()"
"server/index.ts:249","(async () => { try { const r = await storage.backfillMaterialBulkDensity(); console.log(`Startup: backfillMaterialBulkDensity — updated: ${r.updated}, skipped: ${r.skipped}`); } catch (e) { console.error(""Startup: backfillMaterialBulkDensity failed:"", e); } })()"
"server/index.ts:249","storage.backfillMaterialBulkDensity()"
"server/index.ts:251","backfillArrangementBarAllocations()"
"server/index.ts:256","(async () => { try { const r = await storage.backfillSiteIdsOnDieselAndIndents(); console.log(`Startup: backfillSiteIdsOnDieselAndIndents — diesel: scanned ${r.dieselScanned}, resolved ${r.dieselResolved}, unresolved ${r.dieselUnresolved} | indents: scanned ${r.indentsScanned}, resolved ${r.indentsResolved}, unresolved ${r.indentsUnresolved}`); } catch (e) { console.error(""Startup: backfillSiteIdsOnDieselAndIndents failed:"", e); } })()"
"server/index.ts:256","storage.backfillSiteIdsOnDieselAndIndents()"
"server/index.ts:258","backfillSplitPermissions()"
"server/index.ts:259","backfillPlantSubPermissions()"
"server/index.ts:261","ensureBootstrapAdmin()"
"server/index.ts:263","(async () => { try { const r = await storage.backfillDispatchNotes(); console.log(`Startup: backfillDispatchNotes — updated: ${r.updated}, skipped: ${r.skipped}, errors: ${r.errors}`); } catch (e) { console.error(""Startup: backfillDispatchNotes failed:"", e); } })()"
"server/index.ts:263","storage.backfillDispatchNotes()"
"server/index.ts:264","(async () => { try { const r = await storage.backfillBitumenTankNumbers(); console.log(`Startup: backfillBitumenTankNumbers — updated: ${r.updated}, errors: ${r.errors}`); } catch (e) { console.error(""Startup: backfillBitumenTankNumbers failed:"", e); } })()"
"server/index.ts:264","storage.backfillBitumenTankNumbers()"
"server/index.ts:267","(async () => { try { const r = await storage.backfillMissingDispatchAggregateRows(); if (r.applied) { if (r.dispatchesFixed > 0) console.log(`Startup: backfillMissingDispatchAggregateRows — fixed ${r.dispatchesFixed} dispatch(es) across ${r.templatesProcessed} template(s), created ${r.ledgerRowsCreated} ledger row(s)${r.errors.length ? `, ${r.errors.length} error(s)` : """"}`); else console.log(""Startup: backfillMissingDispatchAggregateRows — nothing to fix (clean)""); } else console.log(""Startup: backfillMissingDispatchAggregateRows — already applied, skipping.""); } catch (e) { console.error(""Startup: backfillMissingDispatchAggregateRows failed:"", e); } })()"
"server/index.ts:267","storage.backfillMissingDispatchAggregateRows()"
"server/index.ts:270","(async () => { try { const r = await storage.backfillBoqPlanningInclude(); if (r.set > 0 || r.excluded > 0) console.log(`Startup: backfillBoqPlanningInclude — set: ${r.set}, auto-excluded: ${r.excluded}`); } catch (e) { console.error(""Startup: backfillBoqPlanningInclude failed:"", e); } })()"
"server/index.ts:270","storage.backfillBoqPlanningInclude()"
"server/index.ts:312","storage.backfillDispatchReferenceIds()"
"server/index.ts:313","storage.backfillMissingDispatchBitumenRows()"
"server/index.ts:318","storage.backfillLdoFlowReadingsFromHeatingSessions()"
"server/index.ts:319","storage.backfillLdoReceiptsFromMaterialReceipts()"
"server/index.ts:321","storage.backfillLdoHeatingConsumption_v1()"
"server/index.ts:322","storage.backfillLdoShiftMeterConsumption_v1()"
"server/index.ts:326","storage.backfillLdoDispatchConsumption_v1()"
"server/index.ts:330","storage.backfillMissingDispatchLdoRows()"
"server/index.ts:348","setTimeout(() => { checkAndNotifyStaleGrns(); setInterval(checkAndNotifyStaleGrns, STALE_GRN_CHECK_INTERVAL_MS); }, 30_000)"
"server/index.ts:349","checkAndNotifyStaleGrns()"
"server/index.ts:350","setInterval(checkAndNotifyStaleGrns, STALE_GRN_CHECK_INTERVAL_MS)"