file,title,href,enabled,conditions,description,source
"client/src/pages/AdminMastersHub.tsx","Parties / Jobs","/masters/section/parties","{sectionVisible(""master_parties"")}","","Manage contractor parties, job names & associated accounts","client/src/pages/AdminMastersHub.tsx:27"
"client/src/pages/AdminMastersHub.tsx","Site Master","/masters/section/sites","{sectionVisible(""master_parties"") || sectionVisible(""sites_plants_manage"") || sectionVisible(""admin_settings"")}","","Add and manage site locations linked to parties","client/src/pages/AdminMastersHub.tsx:36"
"client/src/pages/AdminMastersHub.tsx","Vendor Master","/masters/vendors","{sectionVisible(""master_parties"")}","","Vendor details, site activity and reviewed identity links","client/src/pages/AdminMastersHub.tsx:45"
"client/src/pages/AdminMastersHub.tsx","Material Master","/masters/section/materials","{sectionVisible(""master_materials"")}","","Define aggregate materials, bitumen, LDO & other inputs","client/src/pages/AdminMastersHub.tsx:62"
"client/src/pages/AdminMastersHub.tsx","Mix Templates","/masters/section/mix-templates","{sectionVisible(""master_materials"")}","","Configure bituminous mix designs with component proportions","client/src/pages/AdminMastersHub.tsx:71"
"client/src/pages/AdminMastersHub.tsx","Equipment Master","/masters/section/equipment","{sectionVisible(""master_equipment"")}","","Register equipment, assign categories & manage fleet details","client/src/pages/AdminMastersHub.tsx:88"
"client/src/pages/AdminMastersHub.tsx","Personnel / Operators","/masters/section/personnel","{sectionVisible(""master_personnel"")}","","Manage operator names, designations & shift assignments","client/src/pages/AdminMastersHub.tsx:97"
"client/src/pages/AdminMastersHub.tsx","Store Item Catalogue","{`/stores/items?returnTo=${HUB}`}","true","","Manage store items, spare parts, tools & consumables","client/src/pages/AdminMastersHub.tsx:114"
"client/src/pages/AdminMastersHub.tsx","Plant Configuration","/masters/section/plant-config","{true}","isAdmin","Add, rename & configure plants — set type, site link & tank calibration","client/src/pages/AdminMastersHub.tsx:131"
"client/src/pages/EquipmentHub.tsx","Equipment Usage Log","{`/plant/equipment-usage?returnTo=${HUB}&context=equipment`}","{canSeeEquip}","","Record daily equipment hours, fuel usage & operator details","client/src/pages/EquipmentHub.tsx:130"
"client/src/pages/EquipmentHub.tsx","Equipment Performance","/reports/equipment-performance","{canSeePerformanceReport}","","Usage, working hours and diesel consumption by equipment","client/src/pages/EquipmentHub.tsx:139"
"client/src/pages/EquipmentHub.tsx","Fleet / Equipment Status","/equipment/status","{canSeeEquip}","","Review working, idle, breakdown and unlogged days across the fleet","client/src/pages/EquipmentHub.tsx:148"
"client/src/pages/EquipmentHub.tsx","Maintenance & Breakdowns","{`/plant/maintenance?returnTo=${HUB}&context=equipment`}","{canSeeEquip}","","Log breakdowns, track repairs & service history","client/src/pages/EquipmentHub.tsx:157"
"client/src/pages/EquipmentHub.tsx","Generator / DG Logs","{`/plant/generator-logs?returnTo=${HUB}&context=equipment`}","{canSeeEquip}","","Record diesel generator run logs & fuel consumption","client/src/pages/EquipmentHub.tsx:167"
"client/src/pages/EquipmentHub.tsx","Daily Diesel Requirement","{`/plant/diesel-requirements?returnTo=${HUB}`}","{ sectionVisible(""site_diesel"") || sectionVisible(""diesel_req_view"") || sectionVisible(""diesel_req_raise"") || sectionVisible(""diesel_req_approve"") }","","Plan & approve diesel allocation for fleet equipment","client/src/pages/EquipmentHub.tsx:176"
"client/src/pages/EquipmentHub.tsx","Purchase Indent","/plant/purchase-indents?returnTo=/equipment/hub&from=equipment","{ sectionVisible(""site_procurement"") || sectionVisible(""purchase_indents_view"") || sectionVisible(""purchase_indents_raise"") || sectionVisible(""purchase_indents_approve"") }","","Raise indents for spare parts, consumables & fleet requirements","client/src/pages/EquipmentHub.tsx:190"
"client/src/pages/EquipmentHub.tsx","Raise Requisition (IRN)","/irn/new?from=equipment&returnTo=/equipment/hub","{sectionVisible(""irn_raise"")}","","Request materials from stores for fleet & equipment needs","client/src/pages/EquipmentHub.tsx:204"
"client/src/pages/EquipmentHub.tsx","Site Requirements Queue","/site/requirements?context=equipment&returnTo=/equipment/hub","{canSeeEquip}","","View tomorrow's equipment requirements from site — mark as arranged, allocated or sent to plant","client/src/pages/EquipmentHub.tsx:213"
"client/src/pages/FinanceHub.tsx","Purchase Indents","{`/plant/purchase-indents?returnTo=${HUB}`}","{canProcure}","","Raise, track & approve material purchase requests","client/src/pages/FinanceHub.tsx:98"
"client/src/pages/FinanceHub.tsx","Daily Diesel Requirement","{`/plant/diesel-requirements?returnTo=${HUB}`}","{canDieselReq}","","Plan diesel allocation per equipment & get approval","client/src/pages/FinanceHub.tsx:108"
"client/src/pages/FinanceHub.tsx","Raise Requisition","{`/irn/new?returnTo=${HUB}`}","{sectionVisible(""irn_raise"")}","(sectionVisible(""irn_view"") || sectionVisible(""irn_raise""))","Request materials from stores across site, HMP, equipment or RMC","client/src/pages/FinanceHub.tsx:127"
"client/src/pages/FinanceHub.tsx","All Requisitions","{`/irn?returnTo=${HUB}`}","{sectionVisible(""irn_view"")}","(sectionVisible(""irn_view"") || sectionVisible(""irn_raise""))","View, track & process all internal requisition notes","client/src/pages/FinanceHub.tsx:136"
"client/src/pages/FinanceHub.tsx","Vendor Bills","{`/plant/vendor-bills?returnTo=${HUB}`}","{sectionVisible(""vendor_bills"") || sectionVisible(""vendor_bills_view"") || sectionVisible(""vendor_bills_raise"") || sectionVisible(""vendor_bills_verify"") || sectionVisible(""vendor_bills_approve"")}","","Manage equipment, material, transport & labour vendor bills","client/src/pages/FinanceHub.tsx:156"
"client/src/pages/FinanceHub.tsx","Rate Cards","{`/plant/rate-cards?returnTo=${HUB}`}","{sectionVisible(""admin_settings"") || sectionVisible(""vendor_masters_manage"")}","","Equipment, material, transport & labour rate cards for billing","client/src/pages/FinanceHub.tsx:165"
"client/src/pages/HmpHub.tsx","Bitumen Heating Sessions","{`/plant/heating-sessions?returnTo=${HUB}`}","{canHeating}","","Log boiler runs & track hot-oil temperatures","client/src/pages/HmpHub.tsx:323"
"client/src/pages/HmpHub.tsx","Plant Shift Log","{`/plant/shift-log?returnTo=${HUB}`}","{canShift}","","Record shift details, personnel & production","client/src/pages/HmpHub.tsx:332"
"client/src/pages/HmpHub.tsx","Production & Dispatches","{`/plant/dispatches?returnTo=${HUB}`}","{canProd}","","Log truck loads with mix data & tonnage","client/src/pages/HmpHub.tsx:341"
"client/src/pages/HmpHub.tsx","Bitumen Stock Tracker","{`/plant/bitumen-stock?returnTo=${HUB}`}","{canBitumen}","(canBitumen || canLdo || canStock)","Dip readings, tank levels & bitumen stock balance","client/src/pages/HmpHub.tsx:358"
"client/src/pages/HmpHub.tsx","LDO Flow Meter","{`/plant/ldo-flow-meter?returnTo=${HUB}`}","{canLdo}","(canBitumen || canLdo || canStock)","LDO meter readings, dip logs & fuel consumption","client/src/pages/HmpHub.tsx:367"
"client/src/pages/HmpHub.tsx","LDO Book vs Physical","{`/plant/ldo-reconciliation?returnTo=${HUB}`}","{canStock}","(canBitumen || canLdo || canStock)","Reconcile book stock against physical dip readings","client/src/pages/HmpHub.tsx:376"
"client/src/pages/HmpHub.tsx","Purchase Indent","{`/plant/purchase-indents?returnTo=${HUB}&from=hmp&context=hmp`}","{canProcure}","(canProcure || canDieselReq)","Raise and track purchase indents for HMP materials & spares","client/src/pages/HmpHub.tsx:394"
"client/src/pages/HmpHub.tsx","Daily Diesel Requirement","{`/plant/diesel-requirements?returnTo=${HUB}`}","{canDieselReq}","(canProcure || canDieselReq)","Plan & approve diesel allocation for HMP plant operations","client/src/pages/HmpHub.tsx:403"
"client/src/pages/HmpHub.tsx","Raise Requisition (IRN)","{`/irn/new?from=hmp&returnTo=${HUB}`}","{canProcure}","(canProcure || canDieselReq)","Request materials from stores for HMP plant operations","client/src/pages/HmpHub.tsx:412"
"client/src/pages/MastersHub.tsx","User Management","{`/admin/users?returnTo=${HUB}`}","true","","Add users, assign roles, set permissions & manage access","client/src/pages/MastersHub.tsx:56"
"client/src/pages/MastersHub.tsx","Device Approvals","{`/admin/devices?returnTo=${HUB}`}","true","","Review & approve new device login requests","client/src/pages/MastersHub.tsx:64"
"client/src/pages/MastersHub.tsx","Data Sync & Export","{`/plant/data-sync?returnTo=${HUB}`}","true","","Export or import selected table data for backup & transfer","client/src/pages/MastersHub.tsx:80"
"client/src/pages/MastersHub.tsx","System Settings","{`/admin/settings?returnTo=${HUB}`}","true","","Admin & manager PIN management, LDO tank defaults","client/src/pages/MastersHub.tsx:88"
"client/src/pages/MastersHub.tsx","Site Backfill","/admin/site-backfill","true","","Assign sites to historical diesel requirements & purchase indents with no site set","client/src/pages/MastersHub.tsx:96"
"client/src/pages/ReportsHub.tsx","Daily DPR","/site/dashboard?returnTo=/reports/hub","{canSiteDprs}","hasSiteReports","Complete production summary for any given day","client/src/pages/ReportsHub.tsx:62"
"client/src/pages/ReportsHub.tsx","Progress Report","/reports/progress","{canSiteDprs}","hasSiteReports","RA-style item-wise, chainage-wise & date-wise DPR rollup","client/src/pages/ReportsHub.tsx:71"
"client/src/pages/ReportsHub.tsx","Materials Received","{`/site/materials-received?returnTo=${HUB}`}","{canSiteMat}","hasSiteReports","Site material receipts summary across date ranges","client/src/pages/ReportsHub.tsx:80"
"client/src/pages/ReportsHub.tsx","Site Purchases Report","{`/site/purchases?returnTo=${HUB}`}","{canSiteProcure}","hasSiteReports","Purchases & expenses analysis across the site","client/src/pages/ReportsHub.tsx:89"
"client/src/pages/ReportsHub.tsx","Management Report","{`/admin/management-report?returnTo=${HUB}`}","{canReports}","hasSiteReports","Cross-site summary for project management & stakeholders","client/src/pages/ReportsHub.tsx:98"
"client/src/pages/ReportsHub.tsx","Equipment Performance","/reports/equipment-performance","{canEquipment}","hasSiteReports","Usage, working hours and diesel consumption by equipment","client/src/pages/ReportsHub.tsx:107"
"client/src/pages/ReportsHub.tsx","Daily Plant Reports","{`/plant/daily-reports?returnTo=${HUB}`}","{canDailyRep}","hasHmpReports","Production summaries with mix-wise breakdowns and PDF export","client/src/pages/ReportsHub.tsx:125"
"client/src/pages/ReportsHub.tsx","Heating Trends","{`/plant/heating-trends?returnTo=${HUB}`}","{canHeating}","hasHmpReports","Boiler efficiency & hot-oil temperature trend analysis","client/src/pages/ReportsHub.tsx:134"
"client/src/pages/ReportsHub.tsx","Dispatch Log","{`/plant/dispatches?returnTo=${HUB}`}","{canProd}","hasHmpReports","All truck dispatches with mix type, tonnage & destination","client/src/pages/ReportsHub.tsx:143"
"client/src/pages/ReportsHub.tsx","Diesel Procurement","{`/plant/diesel-procurement?returnTo=${HUB}`}","{canDieselProc}","hasHmpReports","Diesel purchase and consumption summary report","client/src/pages/ReportsHub.tsx:152"
"client/src/pages/ReportsHub.tsx","Manpower Review","{`/plant/shift-log-manpower-review?returnTo=${HUB}`}","{canShift}","hasHmpReports","Contractor-wise manpower review across shift logs","client/src/pages/ReportsHub.tsx:161"
"client/src/pages/ReportsHub.tsx","RMC Daily Report","{`/plant/rmc/daily-report?returnTo=${HUB}`}","{canProd}","hasRmcReports","Day-wise RMC production summary with grades, materials & cube tests","client/src/pages/ReportsHub.tsx:179"
"client/src/pages/ReportsHub.tsx","RMC Batch Records","{`/plant/rmc/batch-records?returnTo=${HUB}`}","{canProd}","hasRmcReports","Concrete batch dispatches — grades, volumes & delivery challans","client/src/pages/ReportsHub.tsx:188"
"client/src/pages/ReportsHub.tsx","Material Stock","{`/plant/stock?returnTo=${HUB}`}","{canMaterials}","hasStockReports","Current HMP stock levels, receipts & consumption ledger","client/src/pages/ReportsHub.tsx:206"
"client/src/pages/ReportsHub.tsx","LDO Book Reconciliation","{`/plant/ldo-reconciliation?returnTo=${HUB}`}","{canStock}","hasStockReports","LDO book-vs-physical reconciliation & audit","client/src/pages/ReportsHub.tsx:215"
"client/src/pages/ReportsHub.tsx","Stock Variance Report","{`/plant/variance-report?returnTo=${HUB}`}","{canVariance}","hasStockReports","Theoretical vs actual material consumption variance","client/src/pages/ReportsHub.tsx:224"
"client/src/pages/ReportsHub.tsx","Audit Report","{`/plant/audit-report?returnTo=${HUB}`}","{canAudit}","hasStockReports","Stock audit trails and adjustment history","client/src/pages/ReportsHub.tsx:233"
"client/src/pages/ReportsHub.tsx","Purchase Indents","{`/plant/purchase-indents?returnTo=${HUB}&context=reports`}","{canSiteProcure}","hasProcReports","View and approve purchase indents across all sites","client/src/pages/ReportsHub.tsx:251"
"client/src/pages/ReportsHub.tsx","Daily Diesel Requirements","{`/plant/diesel-requirements?returnTo=${HUB}`}","{canDieselReq}","hasProcReports","View and approve daily diesel requirement requests","client/src/pages/ReportsHub.tsx:260"
"client/src/pages/ReportsHub.tsx","Vendor Bills","{`/finance/vendor-bills?returnTo=${HUB}`}","{canBills}","hasProcReports","Equipment, material, transport & labour bills — review and approve","client/src/pages/ReportsHub.tsx:269"
"client/src/pages/RmcHub.tsx","Batch Records","/plant/rmc/batch-records","{canProduction}","activeTab === ""operations""","Log concrete batches and generate delivery challans","client/src/pages/RmcHub.tsx:316"
"client/src/pages/RmcHub.tsx","Delivery Challans","/plant/rmc/delivery-challans","{canProduction}","activeTab === ""operations""","View and print DCs generated from batch records","client/src/pages/RmcHub.tsx:325"
"client/src/pages/RmcHub.tsx","Cube Tests QC","/plant/rmc/cube-tests","{canProduction}","activeTab === ""operations""","Record and track concrete cube test results","client/src/pages/RmcHub.tsx:334"
"client/src/pages/RmcHub.tsx","Mix Designs","/plant/rmc/mix-designs","{canProduction}","activeTab === ""operations""","Manage concrete mix design templates and grades","client/src/pages/RmcHub.tsx:343"
"client/src/pages/RmcHub.tsx","Purchase Indent","/plant/purchase-indents?returnTo=/rmc/hub&from=rmc&context=rmc","{canProcure}","activeTab === ""operations""","Raise and track purchase indents for RMC materials & consumables","client/src/pages/RmcHub.tsx:352"
"client/src/pages/RmcHub.tsx","Daily Diesel Requirement","/plant/diesel-requirements?returnTo=/rmc/hub&context=rmc","{canDieselReq}","activeTab === ""operations""","Plan & approve diesel allocation for RMC plant operations","client/src/pages/RmcHub.tsx:361"
"client/src/pages/RmcHub.tsx","Raise Requisition (IRN)","/irn/new?from=rmc&returnTo=/rmc/hub","{canProcure}","activeTab === ""operations""","Request materials from stores for RMC plant operations","client/src/pages/RmcHub.tsx:370"
"client/src/pages/RmcHub.tsx","RMC Daily Report","/plant/rmc/daily-report","{canReports}","activeTab === ""reports""","Production summary with grade-wise breakdowns","client/src/pages/RmcHub.tsx:384"
"client/src/pages/SiteHub.tsx","Road Works DPR","{roadDprHref(HUB)}","{sectionVisible(""site_dprs"")}","","Guided or detailed daily progress (BOQ-linked)","client/src/pages/SiteHub.tsx:104"
"client/src/pages/SiteHub.tsx","Structure DPR","{`/site/new?type=structure&returnTo=${HUB}`}","{sectionVisible(""site_dprs"")}","","Daily progress for bridges, culverts & structures","client/src/pages/SiteHub.tsx:114"
"client/src/pages/SiteHub.tsx","DPR History","{`/site/dashboard?returnTo=${HUB}`}","{sectionVisible(""site_dprs"")}","","View, edit & track all submitted daily progress reports","client/src/pages/SiteHub.tsx:123"
"client/src/pages/SiteHub.tsx","Material Entry","{`/site/material-trips?returnTo=${HUB}`}","{sectionVisible(""site_materials"")}","","Log incoming material receipts & deliveries to site","client/src/pages/SiteHub.tsx:132"
"client/src/pages/SiteHub.tsx","Materials Received Report","{`/site/materials-received?returnTo=${HUB}`}","{sectionVisible(""site_materials"")}","","Summary of all material receipts across date ranges","client/src/pages/SiteHub.tsx:141"
"client/src/pages/SiteHub.tsx","Site Material Stock","{`/site/material-stock?returnTo=${HUB}`}","{sectionVisible(""site_materials"")}","","Ordered vs delivered vs consumed — and what's lying at each site","client/src/pages/SiteHub.tsx:150"
"client/src/pages/SiteHub.tsx","Site Purchases Report","{`/site/purchases?returnTo=${HUB}`}","{ sectionVisible(""site_procurement"") || sectionVisible(""purchase_indents_view"") || sectionVisible(""purchase_indents_raise"") || sectionVisible(""purchase_indents_approve"") }","","Purchases, expenses & procurement analysis for the site","client/src/pages/SiteHub.tsx:159"
"client/src/pages/SiteHub.tsx","Purchase Indent","/plant/purchase-indents?returnTo=/site/hub&from=site&context=site","{ sectionVisible(""site_procurement"") || sectionVisible(""purchase_indents_view"") || sectionVisible(""purchase_indents_raise"") || sectionVisible(""purchase_indents_approve"") }","","Raise and track purchase indents for site materials & requirements","client/src/pages/SiteHub.tsx:173"
"client/src/pages/SiteHub.tsx","Daily Diesel Requirement","/plant/diesel-requirements?returnTo=/site/hub","{ sectionVisible(""site_diesel"") || sectionVisible(""diesel_req_view"") || sectionVisible(""diesel_req_raise"") || sectionVisible(""diesel_req_approve"") }","","Plan & approve diesel allocation for site equipment","client/src/pages/SiteHub.tsx:187"
"client/src/pages/SiteHub.tsx","Raise Requisition (IRN)","/irn/new?from=site&returnTo=/site/hub","{sectionVisible(""irn_raise"")}","","Request materials from stores for site operations","client/src/pages/SiteHub.tsx:201"
"client/src/pages/SiteHub.tsx","Site Requirements Queue","/site/requirements?returnTo=/site/hub","{ sectionVisible(""site_dprs"") || sectionVisible(""stores_inventory"") || sectionVisible(""plant_equipment"") || sectionVisible(""labour_management"") }","","Review raised requirements for tomorrow and immediate needs — update material, equipment and labour arrangement status","client/src/pages/SiteHub.tsx:219"
"client/src/pages/StoresHub.tsx","Diesel Purchase Register","{`/stores/diesel-register?returnTo=${HUB}`}","{canDieselRegister}","","Track diesel requirements, purchases, linked receipts and remaining quantity","client/src/pages/StoresHub.tsx:122"
"client/src/pages/StoresHub.tsx","Goods Received Notes (GRN)","{`/stores/grns?returnTo=${HUB}`}","{canStores}","","Record & track incoming store items from vendors","client/src/pages/StoresHub.tsx:132"
"client/src/pages/StoresHub.tsx","Issue Vouchers","{`/stores/issues?returnTo=${HUB}`}","{canStores}","","Issue store items to plant, site or equipment teams","client/src/pages/StoresHub.tsx:141"
"client/src/pages/StoresHub.tsx","Item Master / Catalogue","{`/stores/items?returnTo=${HUB}`}","{canStores}","","Manage store items, spare parts, tools & consumables","client/src/pages/StoresHub.tsx:150"
"client/src/pages/StoresHub.tsx","Current Stock","{`/stores?tab=items&returnTo=${HUB}`}","{canStores}","","View stock balances, low-stock alerts & ledger by item","client/src/pages/StoresHub.tsx:159"
"client/src/pages/StoresHub.tsx","Pending Store Receipts","/stores/grns?piSourced=true","{canStores}","","PI-sourced GRNs awaiting stores acceptance — raised by purchasers, ready to receive into stock","client/src/pages/StoresHub.tsx:168"
"client/src/pages/StoresHub.tsx","Raise Requisition","{`/irn/new?returnTo=${HUB}`}","{sectionVisible(""irn_raise"")}","canIrn","Submit a new internal requisition for store items","client/src/pages/StoresHub.tsx:189"
"client/src/pages/StoresHub.tsx","All Requisitions","{`/irn?returnTo=${HUB}`}","{sectionVisible(""irn_view"")}","canIrn","Review and process pending internal requisition notes","client/src/pages/StoresHub.tsx:198"
"client/src/pages/StoresHub.tsx","Purchase Indents","{`/plant/purchase-indents?status=stores_check&returnTo=${HUB}&context=stores`}","{canPi}","canPi","Verify stock availability for indents raised by HMP & site teams — awaiting stores check before manager approval","client/src/pages/StoresHub.tsx:219"
"client/src/pages/StoresHub.tsx","Material Receipts","{`/plant/material-receipts?returnTo=${HUB}&context=stores`}","{canBulk}","canBulk","Record incoming bulk materials at the plant","client/src/pages/StoresHub.tsx:240"
"client/src/pages/StoresHub.tsx","Material Issues","{`/plant/material-issues?returnTo=${HUB}&context=stores`}","{canBulk}","canBulk","Issue bulk materials from plant stock to sites","client/src/pages/StoresHub.tsx:249"
"client/src/pages/StoresHub.tsx","HMP Material Stock","{`/plant/stock?returnTo=${HUB}&context=stores`}","{canBulk}","canBulk","View HMP plant material-wise stock balances & transaction history","client/src/pages/StoresHub.tsx:258"
"client/src/pages/StoresHub.tsx","Inter-Party Transfer","{`/plant/stock-transfer?returnTo=${HUB}&context=stores`}","{canBulk}","canBulk","Return borrowed material between contractor parties","client/src/pages/StoresHub.tsx:267"
"client/src/pages/StoresHub.tsx","Pending Plant Receipts","/stores/pending-plant-receipts","{canBulk}","canBulk","Bulk material receipts submitted by purchasers awaiting plant-staff confirmation before entering stock","client/src/pages/StoresHub.tsx:276"
"client/src/pages/StoresHub.tsx","Site Requirements Queue","/site/requirements?context=stores&returnTo=/stores/hub","{canStores || canIrn}","","View tomorrow's plans & immediate needs — see material requirements, check sent-to-store status & mark items as arranged or available","client/src/pages/StoresHub.tsx:296"