file,source,label,destination,definition
"client/src/components/HubShell.tsx","client/src/components/HubShell.tsx:128","""Dashboard""","""/""","{ href: ""/"", icon: LayoutDashboard, label: ""Dashboard"" }"
"client/src/components/HubShell.tsx","client/src/components/HubShell.tsx:129","""Site Operations""","""/site/hub""","{ href: ""/site/hub"", icon: HardHat, label: ""Site Operations"", matchPrefix: ""/site"", contextKey: ""site"" }"
"client/src/components/HubShell.tsx","client/src/components/HubShell.tsx:130","""HMP Operations""","""/plant/hub""","{ href: ""/plant/hub"", icon: Factory, label: ""HMP Operations"", matchPrefix: ""/plant"", contextKey: ""hmp"" }"
"client/src/components/HubShell.tsx","client/src/components/HubShell.tsx:131","""RMC Operations""","""/rmc/hub""","{ href: ""/rmc/hub"", icon: Building2, label: ""RMC Operations"", matchPrefix: ""/rmc"", contextKey: ""rmc"" }"
"client/src/components/HubShell.tsx","client/src/components/HubShell.tsx:132","""Equipment & Fleet""","""/equipment/hub""","{ href: ""/equipment/hub"", icon: Wrench, label: ""Equipment & Fleet"", matchPrefix: ""/equipment"", contextKey: ""equipment"" }"
"client/src/components/HubShell.tsx","client/src/components/HubShell.tsx:133","""Stores & Inventory""","""/stores/hub""","{ href: ""/stores/hub"", icon: Package, label: ""Stores & Inventory"", matchPrefix: ""/stores"", contextKey: ""stores"" }"
"client/src/components/HubShell.tsx","client/src/components/HubShell.tsx:134","""Procurement & Billing""","""/finance/hub""","{ href: ""/finance/hub"", icon: Receipt, label: ""Procurement & Billing"", matchPrefix: ""/finance"" }"
"client/src/components/HubShell.tsx","client/src/components/HubShell.tsx:135","""Requisitions""","""/irn""","{ href: ""/irn"", icon: ClipboardList, label: ""Requisitions"", matchPrefix: ""/irn"" }"
"client/src/components/HubShell.tsx","client/src/components/HubShell.tsx:136","""Work Program & BOQ""","""/work-program""","{ href: ""/work-program"", icon: FileSpreadsheet, label: ""Work Program & BOQ"", matchPrefix: ""/work-program"" }"
"client/src/components/HubShell.tsx","client/src/components/HubShell.tsx:137","""Norms Library (SNL)""","""/norms""","{ href: ""/norms"", icon: BookOpen, label: ""Norms Library (SNL)"", matchPrefix: ""/norms"" }"
"client/src/components/HubShell.tsx","client/src/components/HubShell.tsx:138","""Reports""","""/reports/hub""","{ href: ""/reports/hub"", icon: BarChart2, label: ""Reports"", matchPrefix: ""/reports"", contextKey: ""reports"" }"
"client/src/components/HubShell.tsx","client/src/components/HubShell.tsx:139","""Edit Requests""","""/edit-requests""","{ href: ""/edit-requests"", icon: ShieldCheck, label: ""Edit Requests"", matchPrefix: ""/edit-requests"" }"
"client/src/components/HubShell.tsx","client/src/components/HubShell.tsx:143","""Estimator""","""/estimator-login""","{ href: ""/estimator-login"", icon: Calculator, label: ""Estimator"" }"
"client/src/components/HubShell.tsx","client/src/components/HubShell.tsx:144","""Masters""","""/masters/hub""","{ href: ""/masters/hub"", icon: Database, label: ""Masters"", matchPrefix: ""/masters"" }"
"client/src/components/HubShell.tsx","client/src/components/HubShell.tsx:145","""Settings""","""/admin/hub""","{ href: ""/admin/hub"", icon: Settings, label: ""Settings"", matchPrefix: ""/admin"" }"
"client/src/pages/FieldHome.tsx","client/src/pages/FieldHome.tsx:1105","""Start Today's DPR""","""#start-todays-work""","{ label: ""Start Today's DPR"", href: ""#start-todays-work"", status: ""DPR not started yet"", color: ""bg-orange-500 hover:bg-orange-600 shadow-orange-200"", dotColor: ""bg-orange-300"", badge: null, badgeColor: """", }"
"client/src/pages/FieldHome.tsx","client/src/pages/FieldHome.tsx:1115","""Complete Today's DPR""","continueDraftHref(myDpr!)","{ label: ""Complete Today's DPR"", href: continueDraftHref(myDpr!), // Batch 06D §7: actionable status — the draft is safely saved, not // submitted, and X specific items still need completion. status: (() => { const n = pendingChecks.flatMap(c => c.details ?? []).length; return n > 0 ? `Draft in progress · ${n} item${n !== 1 ? ""s"" : """"} need${n === 1 ? ""s"" : """"} completion` : ""Draft in progress · ready to review & submit""; })(), color: ""bg-orange-500 hover:bg-orange-600 shadow-orange-200"", dotColor: ""bg-orange-400"", badge: ""In progress"", badgeColor: ""bg-orange-50 text-orange-600"", }"
"client/src/pages/FieldHome.tsx","client/src/pages/FieldHome.tsx:1132","""View Today's Site Report""","`/site/report/${myDpr!.id}`","{ label: ""View Today's Site Report"", href: `/site/report/${myDpr!.id}`, status: ""DPR submitted"", color: ""bg-slate-400 hover:bg-slate-500 shadow-slate-200"", dotColor: ""bg-green-400"", badge: ""Submitted"", badgeColor: ""bg-green-50 text-green-600"", }"
"client/src/pages/FieldHome.tsx","client/src/pages/FieldHome.tsx:1143","""View Today's Site Report""","dprId ? `/site/report/${dprId}` : ""/site/hub""","{ label: ""View Today's Site Report"", href: dprId ? `/site/report/${dprId}` : ""/site/hub"", status: `Today's DPR filed by ${filer}`, color: ""bg-slate-400 hover:bg-slate-500 shadow-slate-200"", dotColor: ""bg-green-400"", badge: ""Filed"", badgeColor: ""bg-green-50 text-green-600"", }"
"client/src/pages/FieldHome.tsx","client/src/pages/FieldHome.tsx:1250","""Material Trip""","""/site/material-trips?returnTo=/""","{ label: ""Material Trip"", icon: Truck, color: ""bg-blue-600"", href: ""/site/material-trips?returnTo=/"", perm: sectionVisible(""site_materials"") }"
"client/src/pages/FieldHome.tsx","client/src/pages/FieldHome.tsx:1251","""Raise IRN""","""/irn/new?from=site&returnTo=/""","{ label: ""Raise IRN"", icon: BookOpen, color: ""bg-indigo-600"", href: ""/irn/new?from=site&returnTo=/"", perm: canRaiseIrn }"
"client/src/pages/FieldHome.tsx","client/src/pages/FieldHome.tsx:1252","""Tomorrow's Plan""","tomorrowPlanHref","{ label: ""Tomorrow's Plan"", icon: CalendarPlus, color: ""bg-teal-600"", href: tomorrowPlanHref, perm: sectionVisible(""site_dprs"") }"
"client/src/pages/FieldHome.tsx","client/src/pages/FieldHome.tsx:1253","""Immediate Req.""","""/site/requirements/new?mode=immediate&returnTo=/""","{ label: ""Immediate Req."", icon: AlertTriangle, color: ""bg-red-600"", href: ""/site/requirements/new?mode=immediate&returnTo=/"", perm: sectionVisible(""site_dprs"") }"
"client/src/pages/FieldHome.tsx","client/src/pages/FieldHome.tsx:2016","""Work""","""/""","{ label: ""Work"", icon: Home, href: ""/"" }"
"client/src/pages/FieldHome.tsx","client/src/pages/FieldHome.tsx:2017","""Reports""","""/site/hub""","{ label: ""Reports"", icon: FileText, href: ""/site/hub"" }"
"client/src/pages/FieldHome.tsx","client/src/pages/FieldHome.tsx:2018","""My Plans""","""/my-plans""","{ label: ""My Plans"", icon: ClipboardList, href: ""/my-plans"" }"
"client/src/pages/FieldHome.tsx","client/src/pages/FieldHome.tsx:2019","""Profile""","""/account""","{ label: ""Profile"", icon: User, href: ""/account"" }"
"client/src/pages/ManagementReport.tsx","client/src/pages/ManagementReport.tsx:96","""This Week""","TODAY","{ label: ""This Week"", from: WEEK_START, to: TODAY }"
"client/src/pages/ManagementReport.tsx","client/src/pages/ManagementReport.tsx:97","""This Month""","TODAY","{ label: ""This Month"", from: MONTH_START, to: TODAY }"
"client/src/pages/ManagementReport.tsx","client/src/pages/ManagementReport.tsx:98","""Today""","TODAY","{ label: ""Today"", from: TODAY, to: TODAY }"
"client/src/pages/SiteHome.tsx","client/src/pages/SiteHome.tsx:84","""Daily Progress Report""","`/site/report/${d.id}`","{ key: `dpr-${d.id}`, type: ""DPR"", label: ""Daily Progress Report"", sub: `${d.site ?? ""Site""} · DPR #${d.id}`, date: d.date, status: ""submitted"", href: `/site/report/${d.id}`, }"
"client/src/pages/SiteHome.tsx","client/src/pages/SiteHome.tsx:93","""Purchase Indent""","""/plant/purchase-indents""","{ key: `ind-${i.id}`, type: ""IND"", label: ""Purchase Indent"", sub: `${i.indentNo ?? `PI-${i.id}`}`, date: i.date, status: i.status ?? ""pending"", href: ""/plant/purchase-indents"", }"
"client/src/pages/SiteHome.tsx","client/src/pages/SiteHome.tsx:102","""Diesel Requirement""","""/plant/diesel-requirements""","{ key: `dsl-${r.id}`, type: ""DSL"", label: ""Diesel Requirement"", sub: `DR-${r.id}`, date: r.date, status: r.status ?? ""pending"", href: ""/plant/diesel-requirements"", }"
"client/src/pages/SiteHome.tsx","client/src/pages/SiteHome.tsx:352","""DPR History""","""/site/dashboard""","{ label: ""DPR History"", icon: FileText, desc: ""View & edit daily reports"", color: ""text-amber-500"", href: ""/site/dashboard"" }"
"client/src/pages/SiteHome.tsx","client/src/pages/SiteHome.tsx:353","""Materials Received""","""/site/materials-received?returnTo=/site""","{ label: ""Materials Received"", icon: Package, desc: ""All material trips report"", color: ""text-emerald-500"", href: ""/site/materials-received?returnTo=/site"" }"
"client/src/pages/SiteHome.tsx","client/src/pages/SiteHome.tsx:354","""Diesel Report""","""/plant/diesel-requirements?returnTo=/site""","{ label: ""Diesel Report"", icon: Fuel, desc: ""Usage vs planned"", color: ""text-blue-500"", href: ""/plant/diesel-requirements?returnTo=/site"" }"
"client/src/pages/SiteHome.tsx","client/src/pages/SiteHome.tsx:355","""Purchase Indents""","""/plant/purchase-indents?returnTo=/site""","{ label: ""Purchase Indents"", icon: ShoppingCart, desc: ""Indents & approvals"", color: ""text-violet-500"", href: ""/plant/purchase-indents?returnTo=/site"" }"
"client/src/pages/SiteHome.tsx","client/src/pages/SiteHome.tsx:356","""Site Purchases""","""/site/purchases?returnTo=/site""","{ label: ""Site Purchases"", icon: TrendingUp, desc: ""Purchases & expenses"", color: ""text-rose-500"", href: ""/site/purchases?returnTo=/site"" }"
"client/src/pages/WorkProgramme.tsx","client/src/pages/WorkProgramme.tsx:3682","s.label ?? """"","s.chainageTo != null ? String(s.chainageTo) : """"","{ label: s.label ?? """", from: s.chainageFrom != null ? String(s.chainageFrom) : """", to: s.chainageTo != null ? String(s.chainageTo) : """", priority: s.priority != null ? String(s.priority) : """", qtyPct: s.manualQtyFraction != null ? String(+(s.manualQtyFraction * 100).toFixed(2)) : """", side: s.side ?? """", // 030A front: s.front ?? """", // 029B widthM: s.plannedWidthM != null ? String(s.plannedWidthM) : """", // 029C }"
"client/src/pages/WorkProgramme.tsx","client/src/pages/WorkProgramme.tsx:3739","r.label","r.chainageTo.toFixed(3)","{ label: r.label, from: r.chainageFrom.toFixed(3), to: r.chainageTo.toFixed(3), priority: String(r.priority), qtyPct: """", // Scope sides beyond lhs/rhs (median, service roads) have no stretch-side // equivalent — leave blank; the eligibility engine still applies them. side: (BAR_SIDES as readonly string[]).includes(r.side ?? """") ? (r.side as string) : """", front: """", widthM: """", }"
"client/src/pages/WorkProgramme.tsx","client/src/pages/WorkProgramme.tsx:3772","""""","(from + (i + 1) * len).toFixed(3)","{ label: """", from: (from + i * len).toFixed(3), to: (from + (i + 1) * len).toFixed(3), priority: String(i + 1), qtyPct: """", side: """", front: """", widthM: """", }"
"client/src/pages/WorkProgramme.tsx","client/src/pages/WorkProgramme.tsx:3853","r.label.trim() || `Reach ${parseInt(r.priority) || i + 1}`","parseFloat(r.to)","{ label: r.label.trim() || `Reach ${parseInt(r.priority) || i + 1}`, from: parseFloat(r.from), to: parseFloat(r.to), side: r.side || null, }"
"client/src/pages/WorkProgramme.tsx","client/src/pages/WorkProgramme.tsx:4512","""""","""""","{ label: """", from: """", to: """", priority: String(s.length + 1), qtyPct: """", side: """", front: """", widthM: """" }"