path,file,component,permissionKeys,conditions,source,definition
"/login","client/src/pages/Login.tsx","{Login}","","","client/src/App.tsx:216","<Route path=""/login"" component={Login} />"
"/estimator-login","client/src/pages/EstimatorLogin.tsx","{EstimatorLogin}","","","client/src/App.tsx:217","<Route path=""/estimator-login"" component={EstimatorLogin} />"
"/estimator-hub","client/src/pages/EstimatorHub.tsx","{gated(EstimatorHub, ""estimator_portal"")}","estimator_portal","","client/src/App.tsx:218","<Route path=""/estimator-hub"" component={gated(EstimatorHub, ""estimator_portal"")} />"
"/concrete-calculator","client/src/pages/ConcreteCalculator.tsx","{gated(ConcreteCalculator, ""concrete_calculator"")}","concrete_calculator","","client/src/App.tsx:219","<Route path=""/concrete-calculator"" component={gated(ConcreteCalculator, ""concrete_calculator"")} />"
"/concrete-calculator-v2","client/src/pages/ConcreteCalculatorV2.tsx","{gated(ConcreteCalculatorV2, ""concrete_calculator"")}","concrete_calculator","","client/src/App.tsx:220","<Route path=""/concrete-calculator-v2"" component={gated(ConcreteCalculatorV2, ""concrete_calculator"")} />"
"/admin/mix-estimates","client/src/pages/MixEstimates.tsx","{gated(MixEstimates, ""mix_calculator"")}","mix_calculator","","client/src/App.tsx:221","<Route path=""/admin/mix-estimates"" component={gated(MixEstimates, ""mix_calculator"")} />"
"/admin/mix-impact","client/src/pages/MixImpact.tsx","{gated(MixImpact, ""mix_calculator"")}","mix_calculator","","client/src/App.tsx:222","<Route path=""/admin/mix-impact"" component={gated(MixImpact, ""mix_calculator"")} />"
"/admin/mix-comparison","client/src/pages/MixComparativeReport.tsx","{gated(MixComparativeReport, ""mix_calculator"")}","mix_calculator","","client/src/App.tsx:223","<Route path=""/admin/mix-comparison"" component={gated(MixComparativeReport, ""mix_calculator"")} />"
"/admin/scenario-comparison","client/src/pages/ScenarioComparison.tsx","{gated(ScenarioComparison, ""mix_calculator"")}","mix_calculator","","client/src/App.tsx:224","<Route path=""/admin/scenario-comparison"" component={gated(ScenarioComparison, ""mix_calculator"")} />"
"/","client/src/pages/Home.tsx","","dashboard","","client/src/App.tsx:227","<Route path=""/""> <RequireAuth section=""dashboard""> <Home /> </RequireAuth> </Route>"
"/plant/hub","client/src/pages/HmpHub.tsx","","hmp_hub","","client/src/App.tsx:232","<Route path=""/plant/hub""> <RequireAuth section=""hmp_hub""> <HmpHub /> </RequireAuth> </Route>"
"/equipment/hub","client/src/pages/EquipmentHub.tsx","{gatedEither(EquipmentHub, ""equipment_hub"", ""equipment_performance_report"", ""plant_equipment"")}","equipment_hub; plant_equipment; equipment_performance_report","","client/src/App.tsx:237","<Route path=""/equipment/hub"" component={gatedEither(EquipmentHub, ""equipment_hub"", ""equipment_performance_report"", ""plant_equipment"")} />"
"/reports/hub","client/src/pages/ReportsHub.tsx","{gated(ReportsHub, ""reports_hub"")}","reports_hub","","client/src/App.tsx:238","<Route path=""/reports/hub"" component={gated(ReportsHub, ""reports_hub"")} />"
"/site/hub","client/src/pages/SiteHub.tsx","{gated(SiteHub, ""site_hub"")}","site_hub","","client/src/App.tsx:239","<Route path=""/site/hub"" component={gated(SiteHub, ""site_hub"")} />"
"/admin/hub","client/src/pages/MastersHub.tsx","","admin_hub","","client/src/App.tsx:240","<Route path=""/admin/hub""> <RequireAuth section=""admin_hub""> <MastersHub /> </RequireAuth> </Route>"
"/masters/hub","client/src/pages/AdminMastersHub.tsx","","masters_hub","","client/src/App.tsx:245","<Route path=""/masters/hub""> <RequireAuth section=""masters_hub""> <AdminMastersHub /> </RequireAuth> </Route>"
"/stores/hub","client/src/pages/StoresHub.tsx","{gatedEither(StoresHub, ""stores_hub"", ""stores_inventory"")}","stores_hub; stores_inventory","","client/src/App.tsx:250","<Route path=""/stores/hub"" component={gatedEither(StoresHub, ""stores_hub"", ""stores_inventory"")} />"
"/finance/hub","client/src/pages/FinanceHub.tsx","{gated(FinanceHub, ""finance_hub"")}","finance_hub","","client/src/App.tsx:251","<Route path=""/finance/hub"" component={gated(FinanceHub, ""finance_hub"")} />"
"/rmc/hub","client/src/pages/RmcHub.tsx","","rmc_hub","","client/src/App.tsx:252","<Route path=""/rmc/hub""> <RequireAuth section=""rmc_hub""> <RmcHub /> </RequireAuth> </Route>"
"/reports/equipment-performance","client/src/pages/EquipmentPerformanceReport.tsx","{gatedEither(EquipmentPerformanceReport, ""equipment_performance_report"", ""plant_equipment"")}","plant_equipment; equipment_performance_report","","client/src/App.tsx:277","<Route path=""/reports/equipment-performance"" component={gatedEither(EquipmentPerformanceReport, ""equipment_performance_report"", ""plant_equipment"")} />"
"/equipment/status","client/src/pages/EquipmentStatus.tsx","{gatedEither(EquipmentStatus, ""equipment_hub"", ""plant_equipment"", ""equipment_performance_report"")}","equipment_hub; plant_equipment; equipment_performance_report","","client/src/App.tsx:278","<Route path=""/equipment/status"" component={gatedEither(EquipmentStatus, ""equipment_hub"", ""plant_equipment"", ""equipment_performance_report"")} />"
"/site","client/src/pages/SiteHome.tsx","{gated(SiteHome, ""site_hub"")}","site_hub","","client/src/App.tsx:280","<Route path=""/site"" component={gated(SiteHome, ""site_hub"")} />"
"/site/dashboard","client/src/pages/SiteDashboard.tsx","{gated(SiteDashboard, ""site_dprs"")}","site_dprs","","client/src/App.tsx:281","<Route path=""/site/dashboard"" component={gated(SiteDashboard, ""site_dprs"")} />"
"/site/new","client/src/pages/DprSections.tsx","{gated(DprSections, ""site_dprs"")}","site_dprs","","client/src/App.tsx:282","<Route path=""/site/new"" component={gated(DprSections, ""site_dprs"")} />"
"/site/guided","client/src/pages/DprSections.tsx","{gated(DprSections, ""site_dprs"")}","site_dprs","","client/src/App.tsx:283","<Route path=""/site/guided"" component={gated(DprSections, ""site_dprs"")} />"
"/site/combined","client/src/pages/SiteEntry.tsx","{gated(SiteEntry, ""site_dprs"")}","site_dprs","","client/src/App.tsx:284","<Route path=""/site/combined"" component={gated(SiteEntry, ""site_dprs"")} />"
"/site/guided/combined","client/src/pages/GuidedDpr.tsx","{gated(GuidedDpr, ""site_dprs"")}","site_dprs","","client/src/App.tsx:285","<Route path=""/site/guided/combined"" component={gated(GuidedDpr, ""site_dprs"")} />"
"/site/work/:id","client/src/pages/DprSections.tsx","{gated(DprWorkEntry, ""site_dprs"")}","site_dprs","","client/src/App.tsx:286","<Route path=""/site/work/:id"" component={gated(DprWorkEntry, ""site_dprs"")} />"
"/site/edit/:id","client/src/pages/DprSections.tsx","{gated(DprEditEntry, ""site_dprs"")}","site_dprs","","client/src/App.tsx:287","<Route path=""/site/edit/:id"" component={gated(DprEditEntry, ""site_dprs"")} />"
"/site/success/:id","client/src/pages/SiteSuccess.tsx","{gated(SiteSuccess, ""site_dprs"")}","site_dprs","","client/src/App.tsx:288","<Route path=""/site/success/:id"" component={gated(SiteSuccess, ""site_dprs"")} />"
"/site/report/:id","client/src/pages/SiteReport.tsx","{gated(SiteReport, ""site_dprs"")}","site_dprs","","client/src/App.tsx:289","<Route path=""/site/report/:id"" component={gated(SiteReport, ""site_dprs"")} />"
"/reports/progress","client/src/pages/ProgressReport.tsx","{gated(ProgressReport, ""site_dprs"")}","site_dprs","","client/src/App.tsx:290","<Route path=""/reports/progress"" component={gated(ProgressReport, ""site_dprs"")} />"
"/site/material-trips","client/src/pages/SiteMaterialTrips.tsx","{gated(SiteMaterialTrips, ""site_materials"")}","site_materials","","client/src/App.tsx:291","<Route path=""/site/material-trips"" component={gated(SiteMaterialTrips, ""site_materials"")} />"
"/site/materials-received","client/src/pages/SiteMaterialsReceived.tsx","{gated(SiteMaterialsReceived, ""site_materials"")}","site_materials","","client/src/App.tsx:292","<Route path=""/site/materials-received"" component={gated(SiteMaterialsReceived, ""site_materials"")} />"
"/site/material-stock","client/src/pages/SiteMaterialStock.tsx","{gated(SiteMaterialStock, ""site_materials"")}","site_materials","","client/src/App.tsx:293","<Route path=""/site/material-stock"" component={gated(SiteMaterialStock, ""site_materials"")} />"
"/site/purchases","client/src/pages/SitePurchasesReport.tsx","{gatedEither(SitePurchasesReport, ""report_site_purchases"", ""site_procurement"")}","site_procurement; report_site_purchases","","client/src/App.tsx:294","<Route path=""/site/purchases"" component={gatedEither(SitePurchasesReport, ""report_site_purchases"", ""site_procurement"")} />"
"/site/requirements/new","client/src/pages/SiteRequirementNew.tsx","{gated(SiteRequirementNew, ""site_dprs"")}","site_dprs","","client/src/App.tsx:295","<Route path=""/site/requirements/new"" component={gated(SiteRequirementNew, ""site_dprs"")} />"
"/site/requirements","client/src/pages/SiteRequirementsList.tsx","{gatedEither(SiteRequirementsList, ""site_dprs"", ""stores_inventory"", ""plant_equipment"", ""labour_management"")}","site_dprs; plant_equipment; stores_inventory; labour_management","","client/src/App.tsx:296","<Route path=""/site/requirements"" component={gatedEither(SiteRequirementsList, ""site_dprs"", ""stores_inventory"", ""plant_equipment"", ""labour_management"")} />"
"/my-plans","client/src/pages/MyPlans.tsx","{gated(MyPlans, ""site_dprs"")}","site_dprs","","client/src/App.tsx:297","<Route path=""/my-plans"" component={gated(MyPlans, ""site_dprs"")} />"
"/plant","client/src/pages/PlantHome.tsx","{gated(PlantHome, ""hmp_hub"")}","hmp_hub","","client/src/App.tsx:300","<Route path=""/plant"" component={gated(PlantHome, ""hmp_hub"")} />"
"/plant/dashboard","client/src/pages/Plant.tsx","{gated(Plant, ""hmp_hub"")}","hmp_hub","","client/src/App.tsx:301","<Route path=""/plant/dashboard"" component={gated(Plant, ""hmp_hub"")} />"
"/plant/new","client/src/pages/PlantNew.tsx","{gatedEither(PlantNew, ""site_management"", ""sites_plants_manage"", ""admin_settings"")}","admin_settings; site_management; sites_plants_manage","","client/src/App.tsx:302","<Route path=""/plant/new"" component={gatedEither(PlantNew, ""site_management"", ""sites_plants_manage"", ""admin_settings"")} />"
"/plant/material-receipts","client/src/pages/PlantMaterialReceipts.tsx","{gated(PlantMaterialReceipts, ""plant_materials"")}","plant_materials","","client/src/App.tsx:303","<Route path=""/plant/material-receipts"" component={gated(PlantMaterialReceipts, ""plant_materials"")} />"
"/plant/material-issues","client/src/pages/PlantMaterialIssues.tsx","{gated(PlantMaterialIssues, ""plant_materials"")}","plant_materials","","client/src/App.tsx:304","<Route path=""/plant/material-issues"" component={gated(PlantMaterialIssues, ""plant_materials"")} />"
"/plant/material-returns","client/src/pages/PlantMaterialReturns.tsx","{gated(PlantMaterialReturns, ""plant_materials"")}","plant_materials","","client/src/App.tsx:305","<Route path=""/plant/material-returns"" component={gated(PlantMaterialReturns, ""plant_materials"")} />"
"/plant/dispatches","client/src/pages/PlantDispatches.tsx","{gated(PlantDispatches, ""plant_production"")}","plant_production","","client/src/App.tsx:306","<Route path=""/plant/dispatches"" component={gated(PlantDispatches, ""plant_production"")} />"
"/plant/equipment-usage","client/src/pages/PlantEquipmentUsage.tsx","{gated(PlantEquipmentUsage, ""plant_equipment"")}","plant_equipment","","client/src/App.tsx:307","<Route path=""/plant/equipment-usage"" component={gated(PlantEquipmentUsage, ""plant_equipment"")} />"
"/plant/generator-logs","client/src/pages/PlantGeneratorLogs.tsx","{gatedEither(PlantGeneratorLogs, ""plant_generator_logs"", ""plant_equipment"")}","plant_equipment; plant_generator_logs","","client/src/App.tsx:308","<Route path=""/plant/generator-logs"" component={gatedEither(PlantGeneratorLogs, ""plant_generator_logs"", ""plant_equipment"")} />"
"/plant/maintenance","client/src/pages/PlantMaintenance.tsx","{gatedEither(PlantMaintenance, ""plant_maintenance"", ""plant_equipment"")}","plant_equipment; plant_maintenance","","client/src/App.tsx:309","<Route path=""/plant/maintenance"" component={gatedEither(PlantMaintenance, ""plant_maintenance"", ""plant_equipment"")} />"
"/plant/rmc","client/src/pages/RmcHub.tsx","{gatedEither(RmcHub, ""rmc_operations"", ""rmc_batch_records"", ""plant_production"")}","plant_production; rmc_operations; rmc_batch_records","rmcEnabled","client/src/App.tsx:310","<Route path=""/plant/rmc"" component={gatedEither(RmcHub, ""rmc_operations"", ""rmc_batch_records"", ""plant_production"")} />"
"/plant/rmc/mix-designs","client/src/pages/RmcMixDesigns.tsx","{gatedEither(RmcMixDesigns, ""rmc_mix_designs"", ""rmc_operations"", ""plant_production"")}","plant_production; rmc_operations; rmc_mix_designs","rmcEnabled","client/src/App.tsx:311","<Route path=""/plant/rmc/mix-designs"" component={gatedEither(RmcMixDesigns, ""rmc_mix_designs"", ""rmc_operations"", ""plant_production"")} />"
"/plant/rmc/batch-records","client/src/pages/RmcBatchRecords.tsx","{gatedEither(RmcBatchRecords, ""rmc_batch_records"", ""rmc_operations"", ""plant_production"")}","plant_production; rmc_operations; rmc_batch_records","rmcEnabled","client/src/App.tsx:312","<Route path=""/plant/rmc/batch-records"" component={gatedEither(RmcBatchRecords, ""rmc_batch_records"", ""rmc_operations"", ""plant_production"")} />"
"/plant/rmc/raw-materials","client/src/pages/RmcRawMaterials.tsx","{gatedEither(RmcRawMaterials, ""rmc_raw_materials"", ""rmc_operations"", ""plant_materials"")}","plant_materials; rmc_operations; rmc_raw_materials","rmcEnabled","client/src/App.tsx:313","<Route path=""/plant/rmc/raw-materials"" component={gatedEither(RmcRawMaterials, ""rmc_raw_materials"", ""rmc_operations"", ""plant_materials"")} />"
"/plant/rmc/cube-tests","client/src/pages/RmcCubeTests.tsx","{gatedEither(RmcCubeTests, ""rmc_cube_tests"", ""rmc_operations"", ""plant_production"")}","plant_production; rmc_operations; rmc_cube_tests","rmcEnabled","client/src/App.tsx:314","<Route path=""/plant/rmc/cube-tests"" component={gatedEither(RmcCubeTests, ""rmc_cube_tests"", ""rmc_operations"", ""plant_production"")} />"
"/plant/rmc/daily-report","client/src/pages/RmcDailyReport.tsx","{gatedEither(RmcDailyReport, ""rmc_daily_report"", ""plant_daily_reports"")}","plant_daily_reports; rmc_daily_report","rmcEnabled","client/src/App.tsx:315","<Route path=""/plant/rmc/daily-report"" component={gatedEither(RmcDailyReport, ""rmc_daily_report"", ""plant_daily_reports"")} />"
"/plant/rmc/delivery-challans","client/src/pages/RmcDeliveryChallans.tsx","{gatedEither(RmcDeliveryChallans, ""rmc_delivery_challans"", ""rmc_operations"", ""plant_production"")}","plant_production; rmc_operations; rmc_delivery_challans","rmcEnabled","client/src/App.tsx:316","<Route path=""/plant/rmc/delivery-challans"" component={gatedEither(RmcDeliveryChallans, ""rmc_delivery_challans"", ""rmc_operations"", ""plant_production"")} />"
"/plant/stock","client/src/pages/PlantStock.tsx","{gatedEither(PlantStock, ""plant_stock"", ""plant_materials"")}","plant_materials; plant_stock","","client/src/App.tsx:317","<Route path=""/plant/stock"" component={gatedEither(PlantStock, ""plant_stock"", ""plant_materials"")} />"
"/plant/stock-reconciliation","client/src/pages/PlantStockReconciliation.tsx","{gatedEither(PlantStockReconciliation, ""stock_reconciliation"", ""plant_stock"")}","plant_stock; stock_reconciliation","","client/src/App.tsx:318","<Route path=""/plant/stock-reconciliation"" component={gatedEither(PlantStockReconciliation, ""stock_reconciliation"", ""plant_stock"")} />"
"/plant/variance-report","client/src/pages/PlantVarianceReport.tsx","{gated(PlantVarianceReport, ""plant_variance"")}","plant_variance","","client/src/App.tsx:319","<Route path=""/plant/variance-report"" component={gated(PlantVarianceReport, ""plant_variance"")} />"
"/plant/audit-report","client/src/pages/PlantAuditReport.tsx","{gated(PlantAuditReport, ""plant_audit"")}","plant_audit","","client/src/App.tsx:320","<Route path=""/plant/audit-report"" component={gated(PlantAuditReport, ""plant_audit"")} />"
"/plant/diesel-procurement","client/src/pages/PlantDieselProcurementReport.tsx","{gated(PlantDieselProcurementReport, ""plant_diesel_proc"")}","plant_diesel_proc","","client/src/App.tsx:321","<Route path=""/plant/diesel-procurement"" component={gated(PlantDieselProcurementReport, ""plant_diesel_proc"")} />"
"/plant/bitumen-stock","client/src/pages/PlantBitumenStock.tsx","{gated(PlantBitumenStock, ""plant_bitumen"")}","plant_bitumen","","client/src/App.tsx:322","<Route path=""/plant/bitumen-stock"" component={gated(PlantBitumenStock, ""plant_bitumen"")} />"
"/plant/ldo-flow-meter","client/src/pages/PlantLdoFlowMeter.tsx","{gated(PlantLdoFlowMeter, ""plant_ldo"")}","plant_ldo","","client/src/App.tsx:323","<Route path=""/plant/ldo-flow-meter"" component={gated(PlantLdoFlowMeter, ""plant_ldo"")} />"
"/plant/ldo-backfill","client/src/pages/PlantLdoBackfill.tsx","{gatedEither(PlantLdoBackfill, ""admin_ldo_tools"", ""admin_settings"")}","admin_settings; admin_ldo_tools","","client/src/App.tsx:324","<Route path=""/plant/ldo-backfill"" component={gatedEither(PlantLdoBackfill, ""admin_ldo_tools"", ""admin_settings"")} />"
"/plant/ldo-dip-backfill","client/src/pages/PlantLdoDipBackfill.tsx","{gatedEither(PlantLdoDipBackfill, ""admin_ldo_tools"", ""admin_settings"")}","admin_settings; admin_ldo_tools","","client/src/App.tsx:325","<Route path=""/plant/ldo-dip-backfill"" component={gatedEither(PlantLdoDipBackfill, ""admin_ldo_tools"", ""admin_settings"")} />"
"/plant/stock-reassign","client/src/pages/PlantStockReassign.tsx","{gatedEither(PlantStockReassign, ""admin_ledger_tools"", ""plant_stock"")}","plant_stock; admin_ledger_tools","","client/src/App.tsx:326","<Route path=""/plant/stock-reassign"" component={gatedEither(PlantStockReassign, ""admin_ledger_tools"", ""plant_stock"")} />"
"/plant/stock-transfer","client/src/pages/PlantStockTransfer.tsx","{gatedEither(PlantStockTransfer, ""admin_ledger_tools"", ""plant_stock"")}","plant_stock; admin_ledger_tools","","client/src/App.tsx:327","<Route path=""/plant/stock-transfer"" component={gatedEither(PlantStockTransfer, ""admin_ledger_tools"", ""plant_stock"")} />"
"/stores/pending-plant-receipts","client/src/pages/PendingPlantReceipts.tsx","{gated(PendingPlantReceipts, ""plant_materials"")}","plant_materials","","client/src/App.tsx:328","<Route path=""/stores/pending-plant-receipts"" component={gated(PendingPlantReceipts, ""plant_materials"")} />"
"/plant/ledger-rebuild","client/src/pages/PlantLedgerRebuild.tsx","{gatedEither(PlantLedgerRebuild, ""admin_ledger_tools"", ""plant_stock"")}","plant_stock; admin_ledger_tools","","client/src/App.tsx:329","<Route path=""/plant/ledger-rebuild"" component={gatedEither(PlantLedgerRebuild, ""admin_ledger_tools"", ""plant_stock"")} />"
"/plant/shift-log-manpower-review","client/src/pages/PlantShiftLogManpowerReview.tsx","{gatedEither(PlantShiftLogManpowerReview, ""plant_manpower_review"", ""plant_shift_logs"")}","plant_shift_logs; plant_manpower_review","","client/src/App.tsx:330","<Route path=""/plant/shift-log-manpower-review"" component={gatedEither(PlantShiftLogManpowerReview, ""plant_manpower_review"", ""plant_shift_logs"")} />"
"/plant/shift-log","client/src/pages/PlantShiftLog.tsx","{gated(PlantShiftLog, ""plant_shift_logs"")}","plant_shift_logs","","client/src/App.tsx:331","<Route path=""/plant/shift-log"" component={gated(PlantShiftLog, ""plant_shift_logs"")} />"
"/plant/shift-log/:date","client/src/pages/PlantShiftLog.tsx","{gated(PlantShiftLog, ""plant_shift_logs"")}","plant_shift_logs","","client/src/App.tsx:332","<Route path=""/plant/shift-log/:date"" component={gated(PlantShiftLog, ""plant_shift_logs"")} />"
"/plant/daily-reports","client/src/pages/PlantDailyReports.tsx","{gated(PlantDailyReports, ""plant_daily_reports"")}","plant_daily_reports","","client/src/App.tsx:333","<Route path=""/plant/daily-reports"" component={gated(PlantDailyReports, ""plant_daily_reports"")} />"
"/plant/daily-report","client/src/pages/PlantDailyReport.tsx","{gated(PlantDailyReport, ""plant_daily_reports"")}","plant_daily_reports","","client/src/App.tsx:334","<Route path=""/plant/daily-report"" component={gated(PlantDailyReport, ""plant_daily_reports"")} />"
"/plant/daily-report/:date","client/src/pages/PlantDailyReport.tsx","{gated(PlantDailyReport, ""plant_daily_reports"")}","plant_daily_reports","","client/src/App.tsx:335","<Route path=""/plant/daily-report/:date"" component={gated(PlantDailyReport, ""plant_daily_reports"")} />"
"/plant/heating-sessions","client/src/pages/PlantHeatingSessions.tsx","{gated(PlantHeatingSessions, ""plant_heating"")}","plant_heating","","client/src/App.tsx:336","<Route path=""/plant/heating-sessions"" component={gated(PlantHeatingSessions, ""plant_heating"")} />"
"/plant/heating-sessions/:date","client/src/pages/PlantHeatingSessions.tsx","{gated(PlantHeatingSessions, ""plant_heating"")}","plant_heating","","client/src/App.tsx:337","<Route path=""/plant/heating-sessions/:date"" component={gated(PlantHeatingSessions, ""plant_heating"")} />"
"/plant/heating-trends","client/src/pages/PlantHeatingTrends.tsx","{gatedEither(PlantHeatingTrends, ""plant_heating_trends"", ""plant_heating"")}","plant_heating; plant_heating_trends","","client/src/App.tsx:338","<Route path=""/plant/heating-trends"" component={gatedEither(PlantHeatingTrends, ""plant_heating_trends"", ""plant_heating"")} />"
"/plant/dispatch-summary","client/src/pages/PlantProjectReport.tsx","{gatedEither(PlantProjectReport, ""plant_daily_reports"", ""plant_production"")}","plant_production; plant_daily_reports","","client/src/App.tsx:339","<Route path=""/plant/dispatch-summary"" component={gatedEither(PlantProjectReport, ""plant_daily_reports"", ""plant_production"")} />"
"/plant/heating-mismatch/:date","client/src/pages/PlantHeatingMismatch.tsx","{gated(PlantHeatingMismatch, ""plant_heating"")}","plant_heating","","client/src/App.tsx:340","<Route path=""/plant/heating-mismatch/:date"" component={gated(PlantHeatingMismatch, ""plant_heating"")} />"
"/plant/ldo-mismatch/:date","client/src/pages/PlantLdoMismatch.tsx","{gated(PlantLdoMismatch, ""plant_heating"")}","plant_heating","","client/src/App.tsx:341","<Route path=""/plant/ldo-mismatch/:date"" component={gated(PlantLdoMismatch, ""plant_heating"")} />"
"/plant/ldo-reconciliation","client/src/pages/PlantLdoReconciliation.tsx","{gatedEither(PlantLdoReconciliation, ""plant_ldo_reconciliation"", ""plant_stock"")}","plant_stock; plant_ldo_reconciliation","","client/src/App.tsx:342","<Route path=""/plant/ldo-reconciliation"" component={gatedEither(PlantLdoReconciliation, ""plant_ldo_reconciliation"", ""plant_stock"")} />"
"/plant/purchase-indents","client/src/pages/PurchaseIndents.tsx","{gatedEither(PurchaseIndents, ""purchase_indents_view"", ""site_procurement"", ""purchase_indents_raise"")}","site_procurement; purchase_indents_view; purchase_indents_raise","","client/src/App.tsx:345","<Route path=""/plant/purchase-indents"" component={gatedEither(PurchaseIndents, ""purchase_indents_view"", ""site_procurement"", ""purchase_indents_raise"")} />"
"/plant/diesel-requirements","client/src/pages/DieselRequirements.tsx","{gatedEither(DieselRequirements, ""diesel_req_view"", ""site_diesel"", ""diesel_req_raise"")}","site_diesel; diesel_req_view; diesel_req_raise","","client/src/App.tsx:346","<Route path=""/plant/diesel-requirements"" component={gatedEither(DieselRequirements, ""diesel_req_view"", ""site_diesel"", ""diesel_req_raise"")} />"
"/plant/vendor-bills","client/src/pages/VendorBills.tsx","{gatedEither(VendorBills, ""vendor_bills_view"", ""vendor_bills"")}","vendor_bills; vendor_bills_view","","client/src/App.tsx:347","<Route path=""/plant/vendor-bills"" component={gatedEither(VendorBills, ""vendor_bills_view"", ""vendor_bills"")} />"
"/finance/vendor-bills","client/src/pages/VendorBills.tsx","{gatedEither(VendorBills, ""vendor_bills_view"", ""vendor_bills"")}","vendor_bills; vendor_bills_view","","client/src/App.tsx:348","<Route path=""/finance/vendor-bills"" component={gatedEither(VendorBills, ""vendor_bills_view"", ""vendor_bills"")} />"
"/plant/rate-cards","client/src/pages/RateCards.tsx","{gatedEither(RateCards, ""rate_cards"", ""vendor_masters_manage"", ""admin_settings"")}","rate_cards; admin_settings; vendor_masters_manage","","client/src/App.tsx:349","<Route path=""/plant/rate-cards"" component={gatedEither(RateCards, ""rate_cards"", ""vendor_masters_manage"", ""admin_settings"")} />"
"/equipment/hire-billing","client/src/pages/EquipmentHireBilling.tsx","{gated(EquipmentHireBilling, ""plant_equipment"")}","plant_equipment","","client/src/App.tsx:350","<Route path=""/equipment/hire-billing"" component={gated(EquipmentHireBilling, ""plant_equipment"")} />"
"/plant/data-sync","client/src/pages/DataSync.tsx","{gatedEither(DataSync, ""data_sync"", ""admin_settings"")}","admin_settings; data_sync","","client/src/App.tsx:351","<Route path=""/plant/data-sync"" component={gatedEither(DataSync, ""data_sync"", ""admin_settings"")} />"
"/plant/:id","client/src/pages/PlantDetails.tsx","{gatedEither(PlantDetails, ""site_management"", ""sites_plants_manage"", ""admin_settings"")}","admin_settings; site_management; sites_plants_manage","","client/src/App.tsx:352","<Route path=""/plant/:id"" component={gatedEither(PlantDetails, ""site_management"", ""sites_plants_manage"", ""admin_settings"")} />"
"/irn","client/src/pages/irn/IrnListPage.tsx","{gatedEither(IrnListPage, ""irn_view"", ""irn_raise"", ""irn_approve"")}","irn_view; irn_raise; irn_approve","","client/src/App.tsx:355","<Route path=""/irn"" component={gatedEither(IrnListPage, ""irn_view"", ""irn_raise"", ""irn_approve"")} />"
"/irn/new","client/src/pages/irn/IrnRaisePage.tsx","{gated(IrnRaisePage, ""irn_raise"")}","irn_raise","","client/src/App.tsx:356","<Route path=""/irn/new"" component={gated(IrnRaisePage, ""irn_raise"")} />"
"/irn/:id","client/src/pages/irn/IrnDetailPage.tsx","{gatedEither(IrnDetailPage, ""irn_view"", ""irn_raise"", ""irn_approve"")}","irn_view; irn_raise; irn_approve","","client/src/App.tsx:357","<Route path=""/irn/:id"" component={gatedEither(IrnDetailPage, ""irn_view"", ""irn_raise"", ""irn_approve"")} />"
"/work-program","client/src/pages/BoqProjects.tsx","{gatedEither(BoqProjects, ""qto_boq"", ""work_programme"", ""work_programme_review"", ""planning_masters"")}","qto_boq; planning_masters; work_programme; work_programme_review","WP_ENABLED","client/src/App.tsx:360","<Route path=""/work-program"" component={gatedEither(BoqProjects, ""qto_boq"", ""work_programme"", ""work_programme_review"", ""planning_masters"")} />"
"/work-program/planning-masters","client/src/pages/PlanningMasters.tsx","{gated(PlanningMasters, ""planning_masters"")}","planning_masters","WP_ENABLED","client/src/App.tsx:361","<Route path=""/work-program/planning-masters"" component={gated(PlanningMasters, ""planning_masters"")} />"
"/work-program/:id","client/src/pages/BoqProjectDetail.tsx","{gated(BoqProjectDetail, ""qto_boq"")}","qto_boq","WP_ENABLED","client/src/App.tsx:362","<Route path=""/work-program/:id"" component={gated(BoqProjectDetail, ""qto_boq"")} />"
"/work-program/:id/settings","client/src/pages/BoqProgramSettings.tsx","{gated(BoqProgramSettings, ""work_programme"")}","work_programme","WP_ENABLED","client/src/App.tsx:363","<Route path=""/work-program/:id/settings"" component={gated(BoqProgramSettings, ""work_programme"")} />"
"/work-program/:id/programme","client/src/pages/WorkProgramme.tsx","{gated(WorkProgramme, ""work_programme"")}","work_programme","WP_ENABLED","client/src/App.tsx:364","<Route path=""/work-program/:id/programme"" component={gated(WorkProgramme, ""work_programme"")} />"
"/work-program/:id/demand","client/src/pages/WorkDemand.tsx","{gated(WorkDemand, ""work_programme_review"")}","work_programme_review","WP_ENABLED","client/src/App.tsx:365","<Route path=""/work-program/:id/demand"" component={gated(WorkDemand, ""work_programme_review"")} />"
"/work-program/:id/earthwork","client/src/pages/EarthworkControl.tsx","{gated(EarthworkControl, ""work_programme_review"")}","work_programme_review","WP_ENABLED","client/src/App.tsx:366","<Route path=""/work-program/:id/earthwork"" component={gated(EarthworkControl, ""work_programme_review"")} />"
"/work-program/:id/execution-arrangements","client/src/pages/ExecutionArrangements.tsx","{gated(ExecutionArrangements, ""work_programme"")}","work_programme","WP_ENABLED","client/src/App.tsx:367","<Route path=""/work-program/:id/execution-arrangements"" component={gated(ExecutionArrangements, ""work_programme"")} />"
"/work-program/:id/scope","client/src/pages/ScopeSetup.tsx","{gatedEither(ScopeSetup, ""project_scope"", ""qto_boq"", ""work_programme"", ""work_programme_review"", ""planning_masters"")}","qto_boq; planning_masters; work_programme; work_programme_review; project_scope","WP_ENABLED","client/src/App.tsx:368","<Route path=""/work-program/:id/scope"" component={gatedEither(ScopeSetup, ""project_scope"", ""qto_boq"", ""work_programme"", ""work_programme_review"", ""planning_masters"")} />"
"/work-program/:id/geometry","client/src/pages/RoadGeometry.tsx","{gated(RoadGeometry, ""planning_masters"")}","planning_masters","WP_ENABLED","client/src/App.tsx:369","<Route path=""/work-program/:id/geometry"" component={gated(RoadGeometry, ""planning_masters"")} />"
"/work-program/:id/resource-review","client/src/pages/ResourceReview.tsx","{gated(ResourceReview, ""work_programme_review"")}","work_programme_review","WP_ENABLED","client/src/App.tsx:370","<Route path=""/work-program/:id/resource-review"" component={gated(ResourceReview, ""work_programme_review"")} />"
"/work-program/:id/item-review","client/src/pages/BoqItemReview.tsx","{gated(BoqItemReview, ""work_programme_review"")}","work_programme_review","WP_ENABLED","client/src/App.tsx:371","<Route path=""/work-program/:id/item-review"" component={gated(BoqItemReview, ""work_programme_review"")} />"
"/norms","client/src/pages/NormsLibrary.tsx","{gated(NormsLibrary, ""norms_library"")}","norms_library","WP_ENABLED","client/src/App.tsx:372","<Route path=""/norms"" component={gated(NormsLibrary, ""norms_library"")} />"
"/stores","client/src/pages/StoresHome.tsx","{gated(StoresHome, ""stores_inventory"")}","stores_inventory","","client/src/App.tsx:375","<Route path=""/stores"" component={gated(StoresHome, ""stores_inventory"")} />"
"/stores/items","client/src/pages/StoresItems.tsx","{gated(StoresItems, ""stores_inventory"")}","stores_inventory","","client/src/App.tsx:376","<Route path=""/stores/items"" component={gated(StoresItems, ""stores_inventory"")} />"
"/stores/grns","client/src/pages/StoresGrn.tsx","{gated(StoresGrn, ""stores_inventory"")}","stores_inventory","","client/src/App.tsx:377","<Route path=""/stores/grns"" component={gated(StoresGrn, ""stores_inventory"")} />"
"/stores/grns/new","client/src/pages/StoresGrn.tsx","{gated(() => <StoresGrn isNew />, ""stores_inventory"")}","stores_inventory","","client/src/App.tsx:378","<Route path=""/stores/grns/new"" component={gated(() => <StoresGrn isNew />, ""stores_inventory"")} />"
"/stores/grns/:id","client/src/pages/StoresGrn.tsx","{gated((p: any) => <StoresGrn detailId={parseInt(p.id)} />, ""stores_inventory"")}","stores_inventory","","client/src/App.tsx:379","<Route path=""/stores/grns/:id"" component={gated((p: any) => <StoresGrn detailId={parseInt(p.id)} />, ""stores_inventory"")} />"
"/stores/issues","client/src/pages/StoresIssue.tsx","{gated(StoresIssue, ""stores_inventory"")}","stores_inventory","","client/src/App.tsx:380","<Route path=""/stores/issues"" component={gated(StoresIssue, ""stores_inventory"")} />"
"/stores/issues/new","client/src/pages/StoresIssue.tsx","{gated(() => <StoresIssue isNew />, ""stores_inventory"")}","stores_inventory","","client/src/App.tsx:381","<Route path=""/stores/issues/new"" component={gated(() => <StoresIssue isNew />, ""stores_inventory"")} />"
"/stores/issues/:id","client/src/pages/StoresIssue.tsx","{gated((p: any) => <StoresIssue detailId={parseInt(p.id)} />, ""stores_inventory"")}","stores_inventory","","client/src/App.tsx:382","<Route path=""/stores/issues/:id"" component={gated((p: any) => <StoresIssue detailId={parseInt(p.id)} />, ""stores_inventory"")} />"
"/stores/ledger/:itemId","client/src/pages/StoresLedger.tsx","{gated(StoresLedger, ""stores_inventory"")}","stores_inventory","","client/src/App.tsx:383","<Route path=""/stores/ledger/:itemId"" component={gated(StoresLedger, ""stores_inventory"")} />"
"/stores/diesel-register","client/src/pages/StoresDieselRegister.tsx","{gatedEither(StoresDieselRegister, ""diesel_req_view"", ""site_diesel"", ""stores_inventory"")}","site_diesel; diesel_req_view; stores_inventory","","client/src/App.tsx:384","<Route path=""/stores/diesel-register"" component={gatedEither(StoresDieselRegister, ""diesel_req_view"", ""site_diesel"", ""stores_inventory"")} />"
"/admin/site-backfill","client/src/pages/SiteBackfill.tsx","{gatedEither(SiteBackfill, ""site_management"", ""admin_settings"")}","admin_settings; site_management","","client/src/App.tsx:387","<Route path=""/admin/site-backfill"" component={gatedEither(SiteBackfill, ""site_management"", ""admin_settings"")} />"
"/admin/settings","client/src/pages/AdminSettings.tsx","{gated(AdminSettings, ""admin_settings"")}","admin_settings","","client/src/App.tsx:388","<Route path=""/admin/settings"" component={gated(AdminSettings, ""admin_settings"")} />"
"/admin/permission-migration-audit","client/src/pages/PermissionMigrationAudit.tsx","{gated(PermissionMigrationAudit, ""admin_settings"")}","admin_settings","","client/src/App.tsx:389","<Route path=""/admin/permission-migration-audit"" component={gated(PermissionMigrationAudit, ""admin_settings"")} />"
"/admin/users","client/src/pages/UserManagement.tsx","{gatedEither(UserManagement, ""user_management"", ""permission_manager"")}","user_management; permission_manager","","client/src/App.tsx:390","<Route path=""/admin/users"" component={gatedEither(UserManagement, ""user_management"", ""permission_manager"")} />"
"/admin/devices","client/src/pages/DeviceApproval.tsx","{gated(DeviceApproval, ""device_approval"")}","device_approval","","client/src/App.tsx:391","<Route path=""/admin/devices"" component={gated(DeviceApproval, ""device_approval"")} />"
"/admin/reports","client/src/pages/AdminReports.tsx","{gatedEither(AdminReports, ""report_management"", ""reports"")}","reports; report_management","","client/src/App.tsx:392","<Route path=""/admin/reports"" component={gatedEither(AdminReports, ""report_management"", ""reports"")} />"
"/admin/management-report","client/src/pages/ManagementReport.tsx","{gatedEither(ManagementReport, ""report_management"", ""reports"", ""admin_settings"")}","reports; report_management; admin_settings","","client/src/App.tsx:393","<Route path=""/admin/management-report"" component={gatedEither(ManagementReport, ""report_management"", ""reports"", ""admin_settings"")} />"
"/admin/concrete-estimates","client/src/pages/ConcreteEstimates.tsx","{gatedEither(ConcreteEstimates, ""concrete_calculator"", ""concrete_estimates_manage"", ""reports"", ""admin_settings"")}","reports; concrete_calculator; admin_settings; concrete_estimates_manage","","client/src/App.tsx:394","<Route path=""/admin/concrete-estimates"" component={gatedEither(ConcreteEstimates, ""concrete_calculator"", ""concrete_estimates_manage"", ""reports"", ""admin_settings"")} />"
"/masters/vendors","client/src/pages/VendorMaster.tsx","{gated(VendorMaster, ""master_parties"")}","master_parties","","client/src/App.tsx:397","<Route path=""/masters/vendors"" component={gated(VendorMaster, ""master_parties"")} />"
"/masters/section/:section","client/src/pages/PlantMasters.tsx","{gatedEither(PlantMasters, ""master_parties"", ""master_materials"", ""master_equipment"", ""master_personnel"", ""sites_plants_manage"", ""admin_settings"")}","master_parties; master_materials; master_equipment; master_personnel; admin_settings; sites_plants_manage","","client/src/App.tsx:398","<Route path=""/masters/section/:section"" component={gatedEither(PlantMasters, ""master_parties"", ""master_materials"", ""master_equipment"", ""master_personnel"", ""sites_plants_manage"", ""admin_settings"")} />"
"/edit-requests","client/src/pages/EditRequestsPage.tsx","{gated(EditRequestsPage, ""edit_requests_review"")}","edit_requests_review","","client/src/App.tsx:401","<Route path=""/edit-requests"" component={gated(EditRequestsPage, ""edit_requests_review"")} />"
"/edit-requests/mine","client/src/pages/EditRequestsPage.tsx","{EditRequestsPage}","","","client/src/App.tsx:402","<Route path=""/edit-requests/mine"" component={EditRequestsPage} />"
"/notifications/preferences","client/src/pages/NotificationPreferences.tsx","{NotificationPreferences}","","","client/src/App.tsx:403","<Route path=""/notifications/preferences"" component={NotificationPreferences} />"
"/account","client/src/pages/Account.tsx","{Account}","","","client/src/App.tsx:404","<Route path=""/account"" component={Account} />"