file,source,label,href,conditions
"client/src/components/AttachmentViewer.tsx","client/src/components/AttachmentViewer.tsx:271","Open in new tab","{safeObjectPath}","safeObjectPath && (isPdf || (!isImage && !isPdf)) / attachment"
"client/src/components/AttachmentViewer.tsx","client/src/components/AttachmentViewer.tsx:281","Download","{safeObjectPath}","attachment"
"client/src/components/BarArrangementPanel.tsx","client/src/components/BarArrangementPanel.tsx:386","Earthwork Classification & Cut/Fill →","{`/work-program/${projectId}/earthwork`}",""
"client/src/components/BillItemPicker.tsx","client/src/components/BillItemPicker.tsx:266","","{reviewPath}","effectiveBill === NEEDS_MAPPING && reviewPath"
"client/src/components/HubActionTile.tsx","client/src/components/HubActionTile.tsx:41","","{href}",""
"client/src/components/HubShell.tsx","client/src/components/HubShell.tsx:173","","/",""
"client/src/components/HubShell.tsx","client/src/components/HubShell.tsx:196","","{item.href}",""
"client/src/components/HubShell.tsx","client/src/components/HubShell.tsx:247","","{item.href}","bottomNavItems.length > 0"
"client/src/components/HubShell.tsx","client/src/components/HubShell.tsx:276","","/account",""
"client/src/components/HubShell.tsx","client/src/components/HubShell.tsx:343","","{backHref}","backHref"
"client/src/components/PushNotificationSetup.tsx","client/src/components/PushNotificationSetup.tsx:280","","/notifications/preferences","notAllowed / !pushSupported / checkingStatus"
"client/src/components/purchase-indent-delivery.tsx","client/src/components/purchase-indent-delivery.tsx:64","{item.receivingLocation === ""site"" ? ""Log Site Delivery →"" : ""Record Plant Receipt →""}","{item.receivingLocation === ""site"" ? `/site/material-trips?piIndentId=${indentId}&piItemId=${item.id}&material=${encodeURIComponent(item.description)}&uom=${encodeURIComponent(item.uom)}&site=${encodeURIComponent(sites.find(s => s.id === item.receivingSiteId)?.name || """")}&qty=${encodeURIComponent(String(remainingQty))}` : `/plant/material-receipts?autoOpen=1&piRef=${encodeURIComponent(indentNo || """")}&piItemId=${item.id}${item.materialId ? `&materialId=${item.materialId}` : """"}`}","ordered && destination && indentId && canEdit"
"client/src/components/purchase-order-workflow.tsx","client/src/components/purchase-order-workflow.tsx:128","Download PO (PDF)","{`${url}.pdf`}","order?.status === ""approved"" / form"
"client/src/components/vendor-bills/TripCandidateWarnings.tsx","client/src/components/vendor-bills/TripCandidateWarnings.tsx:26","Who brought it?","/site/material-trips",""
"client/src/pages/Account.tsx","client/src/pages/Account.tsx:475","","/notifications/preferences",""
"client/src/pages/AdminReports.tsx","client/src/pages/AdminReports.tsx:474","","/",""
"client/src/pages/AdminReports.tsx","client/src/pages/AdminReports.tsx:488","","/admin/management-report",""
"client/src/pages/AdminSettings.tsx","client/src/pages/AdminSettings.tsx:250","","{new URLSearchParams(typeof window !== ""undefined"" ? window.location.search : """").get(""returnTo"") || ""/admin/hub""}",""
"client/src/pages/AdminSettings.tsx","client/src/pages/AdminSettings.tsx:261","","/admin/permission-migration-audit",""
"client/src/pages/BoqItemReview.tsx","client/src/pages/BoqItemReview.tsx:309","","{`/work-program/${projectId}`}",""
"client/src/pages/BoqProgramSettings.tsx","client/src/pages/BoqProgramSettings.tsx:530","","/work-program","!project"
"client/src/pages/BoqProgramSettings.tsx","client/src/pages/BoqProgramSettings.tsx:542","","/work-program",""
"client/src/pages/BoqProgramSettings.tsx","client/src/pages/BoqProgramSettings.tsx:548","","{`/work-program/${projectId}`}",""
"client/src/pages/BoqProgramSettings.tsx","client/src/pages/BoqProgramSettings.tsx:949","","{`/work-program/${projectId}`}",""
"client/src/pages/BoqProjectDetail.tsx","client/src/pages/BoqProjectDetail.tsx:502","{s.label}","{`/work-program/${projectId}/programme?item=${item.id}`}","!collapsed"
"client/src/pages/BoqProjectDetail.tsx","client/src/pages/BoqProjectDetail.tsx:2004","","/work-program",""
"client/src/pages/BoqProjectDetail.tsx","client/src/pages/BoqProjectDetail.tsx:2016","","{`/work-program/${projectId}/settings`}",""
"client/src/pages/BoqProjectDetail.tsx","client/src/pages/BoqProjectDetail.tsx:2030","","{`/work-program/${projectId}/scope`}",""
"client/src/pages/BoqProjectDetail.tsx","client/src/pages/BoqProjectDetail.tsx:2044","","{`/work-program/${projectId}/geometry`}","sectionVisible(""planning_masters"")"
"client/src/pages/BoqProjectDetail.tsx","client/src/pages/BoqProjectDetail.tsx:2058","","{`/work-program/${projectId}/programme`}","sectionVisible(""work_programme"")"
"client/src/pages/BoqProjectDetail.tsx","client/src/pages/BoqProjectDetail.tsx:2071","","{`/work-program/${projectId}/demand`}","sectionVisible(""work_programme_review"")"
"client/src/pages/BoqProjectDetail.tsx","client/src/pages/BoqProjectDetail.tsx:2084","","{`/work-program/${projectId}/resource-review`}","sectionVisible(""work_programme_review"")"
"client/src/pages/BoqProjectDetail.tsx","client/src/pages/BoqProjectDetail.tsx:2097","","{`/work-program/${projectId}/item-review`}","sectionVisible(""work_programme_review"")"
"client/src/pages/BoqProjects.tsx","client/src/pages/BoqProjects.tsx:493","","/norms",""
"client/src/pages/BoqProjects.tsx","client/src/pages/BoqProjects.tsx:499","","/work-program/planning-masters",""
"client/src/pages/ConcreteCalculator.tsx","client/src/pages/ConcreteCalculator.tsx:1437","","/admin/concrete-estimates","!isStandalonePWA"
"client/src/pages/ConcreteEstimates.tsx","client/src/pages/ConcreteEstimates.tsx:139","","/estimator-hub",""
"client/src/pages/ConcreteEstimates.tsx","client/src/pages/ConcreteEstimates.tsx:154","","/concrete-calculator",""
"client/src/pages/ConcreteEstimates.tsx","client/src/pages/ConcreteEstimates.tsx:160","","/concrete-calculator","canEdit"
"client/src/pages/ConcreteEstimates.tsx","client/src/pages/ConcreteEstimates.tsx:217","","/concrete-calculator","estimates.length === 0 / groups.length === 0 / isLoading"
"client/src/pages/DataSync.tsx","client/src/pages/DataSync.tsx:135","","{backLink}","mode === ""menu"""
"client/src/pages/DeviceApproval.tsx","client/src/pages/DeviceApproval.tsx:89","Back","{new URLSearchParams(typeof window !== ""undefined"" ? window.location.search : """").get(""returnTo"") || ""/admin/hub""}",""
"client/src/pages/DieselRequirements.tsx","client/src/pages/DieselRequirements.tsx:1145","","{backLink}","view === ""list"""
"client/src/pages/DprDetails.tsx","client/src/pages/DprDetails.tsx:227","","/",""
"client/src/pages/DprWorkHub.tsx","client/src/pages/DprWorkHub.tsx:32","Return to DPR register","{returnTo}","isError || !dpr"
"client/src/pages/DprWorkHub.tsx","client/src/pages/DprWorkHub.tsx:36","DPR register","{returnTo}",""
"client/src/pages/DprWorkHub.tsx","client/src/pages/DprWorkHub.tsx:47","","{dprWorkSectionHref(draftId, card.section, returnTo)}",""
"client/src/pages/EarthworkControl.tsx","client/src/pages/EarthworkControl.tsx:189","Back to Work Programme","{`/work-program/${projectId}`}",""
"client/src/pages/EarthworkControl.tsx","client/src/pages/EarthworkControl.tsx:197","Work Demand","{`/work-program/${projectId}/demand`}",""
"client/src/pages/EarthworkControl.tsx","client/src/pages/EarthworkControl.tsx:210","Open register →","{`/work-program/${projectId}/execution-arrangements`}",""
"client/src/pages/EquipmentPerformanceReport.tsx","client/src/pages/EquipmentPerformanceReport.tsx:163","Reports Hub","/reports/hub",""
"client/src/pages/EquipmentPerformanceReport.tsx","client/src/pages/EquipmentPerformanceReport.tsx:188","","{EQUIPMENT_IDENTIFICATION_RETURN_TO}","canReview && pendingIdentificationCount > 0"
"client/src/pages/EquipmentPerformanceReport.tsx","client/src/pages/EquipmentPerformanceReport.tsx:245","View Source","{href}","href / showSources"
"client/src/pages/EstimatorHub.tsx","client/src/pages/EstimatorHub.tsx:53","","/admin/mix-estimates",""
"client/src/pages/EstimatorHub.tsx","client/src/pages/EstimatorHub.tsx:61","","/mix-calculator?new=1",""
"client/src/pages/EstimatorHub.tsx","client/src/pages/EstimatorHub.tsx:69","","/admin/mix-comparison",""
"client/src/pages/EstimatorHub.tsx","client/src/pages/EstimatorHub.tsx:92","","/concrete-calculator-v2",""
"client/src/pages/EstimatorHub.tsx","client/src/pages/EstimatorHub.tsx:100","","/admin/concrete-estimates",""
"client/src/pages/EstimatorHub.tsx","client/src/pages/EstimatorHub.tsx:108","","/concrete-calculator",""
"client/src/pages/EstimatorLogin.tsx","client/src/pages/EstimatorLogin.tsx:103","","/",""
"client/src/pages/ExecutionArrangements.tsx","client/src/pages/ExecutionArrangements.tsx:296","Work Programme","{`/work-program/${projectId}`}",""
"client/src/pages/ExecutionArrangements.tsx","client/src/pages/ExecutionArrangements.tsx:310","Earthwork Classification & Cut/Fill →","{`/work-program/${projectId}/earthwork`}",""
"client/src/pages/FieldHome.tsx","client/src/pages/FieldHome.tsx:747","","{irnHref}","shortage && canRaiseIrn / req / !collapsed"
"client/src/pages/FieldHome.tsx","client/src/pages/FieldHome.tsx:1386","","{`/work-program/${activeProject!.id}`}","programmeState === ""live"""
"client/src/pages/FieldHome.tsx","client/src/pages/FieldHome.tsx:1408","","/work-program","programmeState !== ""live"""
"client/src/pages/FieldHome.tsx","client/src/pages/FieldHome.tsx:1482","","{continueDraftHref(olderPendingDpr)}","olderPendingDpr"
"client/src/pages/FieldHome.tsx","client/src/pages/FieldHome.tsx:1539","","{ctaConfig.href}","dprPhase === ""not-started"""
"client/src/pages/FieldHome.tsx","client/src/pages/FieldHome.tsx:1571","","{a.href}","visibleActions.length > 0"
"client/src/pages/FieldHome.tsx","client/src/pages/FieldHome.tsx:1603","","{myDpr ? (dprPhase === ""draft-own"" ? continueDraftHref(myDpr) : `/site/edit/${myDpr.id}`) : roadDprHref(""/"")}","sectionVisible(""site_dprs"") / (sectionVisible(""site_dprs"") || sectionVisible(""site_materials""))"
"client/src/pages/FieldHome.tsx","client/src/pages/FieldHome.tsx:1632","","/site/material-trips?returnTo=/","sectionVisible(""site_materials"") / (sectionVisible(""site_dprs"") || sectionVisible(""site_materials""))"
"client/src/pages/FieldHome.tsx","client/src/pages/FieldHome.tsx:1655","","/site/requirements","sectionVisible(""site_dprs"") && immRows.length > 0 / (sectionVisible(""site_dprs"") || sectionVisible(""site_materials""))"
"client/src/pages/FieldHome.tsx","client/src/pages/FieldHome.tsx:1701","","/site/requirements/new?returnTo=/","sectionVisible(""site_dprs"")"
"client/src/pages/FieldHome.tsx","client/src/pages/FieldHome.tsx:1768","","{planHref}","tomorrowPlans.length === 0 / sectionVisible(""site_dprs"")"
"client/src/pages/FieldHome.tsx","client/src/pages/FieldHome.tsx:1796","","/site/material-stock?returnTo=/","sectionVisible(""site_materials"")"
"client/src/pages/FieldHome.tsx","client/src/pages/FieldHome.tsx:1872","","{`/irn/${irn.id}`}","(canRaiseIrn || canProcure) && showMyItems"
"client/src/pages/FieldHome.tsx","client/src/pages/FieldHome.tsx:1898","","{`/procurement/indents/${pi.id}`}","(canRaiseIrn || canProcure) && showMyItems"
"client/src/pages/FieldHome.tsx","client/src/pages/FieldHome.tsx:1917","","/irn","canRaiseIrn / (canRaiseIrn || canProcure) && showMyItems"
"client/src/pages/FieldHome.tsx","client/src/pages/FieldHome.tsx:1924","","/procurement/indents","canProcure / (canRaiseIrn || canProcure) && showMyItems"
"client/src/pages/FieldHome.tsx","client/src/pages/FieldHome.tsx:1968","","{myDpr ? continueDraftHref(myDpr) : roadDprHref(""/"")}","dprPhase !== ""submitted-own"" / (dprPhase === ""draft-own"" || dprPhase === ""submitted-own"")"
"client/src/pages/FieldHome.tsx","client/src/pages/FieldHome.tsx:1984","","{`/site/report/${myDpr!.id}`}","dprPhase !== ""submitted-own"" / (dprPhase === ""draft-own"" || dprPhase === ""submitted-own"")"
"client/src/pages/FieldHome.tsx","client/src/pages/FieldHome.tsx:2023","","{n.href}",""
"client/src/pages/GuidedDpr.tsx","client/src/pages/GuidedDpr.tsx:1782","","{returnTo}",""
"client/src/pages/Home.tsx","client/src/pages/Home.tsx:269","","/site/requirements?context=dashboard&returnTo=/","canSeeSite"
"client/src/pages/Home.tsx","client/src/pages/Home.tsx:310","","{continueDraftHref(d)}","canViewDprs && pendingDraftDprs.length > 0"
"client/src/pages/Home.tsx","client/src/pages/Home.tsx:334","View all","/site/dashboard","canSeeSite"
"client/src/pages/Home.tsx","client/src/pages/Home.tsx:381","View all","/site/dashboard",""
"client/src/pages/Home.tsx","client/src/pages/Home.tsx:439","","{pendingIndentHref(indent.id)}",""
"client/src/pages/Home.tsx","client/src/pages/Home.tsx:463","","{pendingDieselHref(requirement.id)}",""
"client/src/pages/Home.tsx","client/src/pages/Home.tsx:490","","/admin/site-backfill","isAdmin && totalUnassigned > 0"
"client/src/pages/Home.tsx","client/src/pages/Home.tsx:512","","/site/requirements?returnTo=/","canSeeSite"
"client/src/pages/Home.tsx","client/src/pages/Home.tsx:538","","{pendingIrnHref(irn.id)}","canSeeIrn"
"client/src/pages/ManagementReport.tsx","client/src/pages/ManagementReport.tsx:76","","{href}",""
"client/src/pages/ManagementReport.tsx","client/src/pages/ManagementReport.tsx:373","","{backHref}",""
"client/src/pages/MixComparativeReport.tsx","client/src/pages/MixComparativeReport.tsx:291","","/admin/mix-estimates","estimates.length === 0"
"client/src/pages/MixComparativeReport.tsx","client/src/pages/MixComparativeReport.tsx:306","","/admin/mix-estimates",""
"client/src/pages/MixEstimates.tsx","client/src/pages/MixEstimates.tsx:207","","{role ? ""/estimator-hub"" : ""/""}","!embedded && !isStandalonePWA"
"client/src/pages/MixEstimates.tsx","client/src/pages/MixEstimates.tsx:243","","{`/mix-calculator?clone=${globalLatestId}`}","canEdit && globalLatestId"
"client/src/pages/MixEstimates.tsx","client/src/pages/MixEstimates.tsx:250","","/mix-calculator","canEdit && !globalLatestId"
"client/src/pages/MixEstimates.tsx","client/src/pages/MixEstimates.tsx:256","","/mix-calculator",""
"client/src/pages/MixEstimates.tsx","client/src/pages/MixEstimates.tsx:297","","/mix-calculator","groups.length === 0 / isLoading"
"client/src/pages/MixEstimates.tsx","client/src/pages/MixEstimates.tsx:379","","{`/admin/mix-impact?estimateId=${latestId}`}","latestId / groups.length === 0 / isLoading"
"client/src/pages/MixEstimates.tsx","client/src/pages/MixEstimates.tsx:386","","{`/mix-calculator?clone=${latestId}&contractor=${encodeURIComponent(ests[0]?.contractor || """")}`}","canEdit && groupKey !== ""UNASSIGNED"" / groups.length === 0 / isLoading"
"client/src/pages/MixImpact.tsx","client/src/pages/MixImpact.tsx:688","","{returnUrl}",""
"client/src/pages/MixImpact.tsx","client/src/pages/MixImpact.tsx:702","","{`/admin/scenario-comparison?estimateId=${selectedId}`}","selectedId && scenarios.length >= 2"
"client/src/pages/MyPlans.tsx","client/src/pages/MyPlans.tsx:118","","{`/site/requirements/new?editId=${plan.id}&returnTo=/my-plans`}",""
"client/src/pages/MyPlans.tsx","client/src/pages/MyPlans.tsx:209","","/",""
"client/src/pages/MyPlans.tsx","client/src/pages/MyPlans.tsx:221","","/site/requirements/new?returnTo=/my-plans",""
"client/src/pages/MyPlans.tsx","client/src/pages/MyPlans.tsx:246","","/site/requirements/new?returnTo=/my-plans","!isLoading && sorted.length === 0"
"client/src/pages/NewDpr.tsx","client/src/pages/NewDpr.tsx:10","","/",""
"client/src/pages/NormsLibrary.tsx","client/src/pages/NormsLibrary.tsx:507","","/work-program",""
"client/src/pages/PermissionMigrationAudit.tsx","client/src/pages/PermissionMigrationAudit.tsx:95","","/admin/hub",""
"client/src/pages/PlanningMasters.tsx","client/src/pages/PlanningMasters.tsx:614","","/work-program",""
"client/src/pages/Plant.tsx","client/src/pages/Plant.tsx:79","","{backLink}","plantView === ""home"""
"client/src/pages/Plant.tsx","client/src/pages/Plant.tsx:97","","{primaryPlantName ? `/api/admin/operator-manual.pdf?plant=${encodeURIComponent(primaryPlantName)}` : '/api/admin/operator-manual.pdf'}","isAdmin / (isAdmin || isManager) && plantView === ""home"""
"client/src/pages/Plant.tsx","client/src/pages/Plant.tsx:110","","{primaryPlantName ? `/api/admin/admin-guide.pdf?plant=${encodeURIComponent(primaryPlantName)}` : '/api/admin/admin-guide.pdf'}","sectionCan(""admin_settings"", ""export"") / (isAdmin || isManager) && plantView === ""home"""
"client/src/pages/Plant.tsx","client/src/pages/Plant.tsx:202","","/plant/rmc","rmcEnabled"
"client/src/pages/Plant.tsx","client/src/pages/Plant.tsx:278","","/masters/hub","mastersVisible"
"client/src/pages/Plant.tsx","client/src/pages/Plant.tsx:307","","{opLink(""/plant/dispatches"")}","sectionVisible(""plant_production"")"
"client/src/pages/Plant.tsx","client/src/pages/Plant.tsx:324","","{opLink(""/plant/shift-log"")}","sectionVisible(""plant_shift_logs"")"
"client/src/pages/Plant.tsx","client/src/pages/Plant.tsx:341","","{opLink(`/plant/heating-sessions/${todayStr}`)}","sectionVisible(""plant_heating"")"
"client/src/pages/Plant.tsx","client/src/pages/Plant.tsx:358","","{opLink(""/plant/purchase-indents"")}","(sectionVisible(""site_procurement"") || sectionVisible(""purchase_indents_view"") || sectionVisible(""purchase_indents_raise"") || sectionVisible(""purchase_indents_approve""))"
"client/src/pages/Plant.tsx","client/src/pages/Plant.tsx:375","","{opLink(""/plant/diesel-requirements"")}","(sectionVisible(""site_diesel"") || sectionVisible(""diesel_req_view"") || sectionVisible(""diesel_req_raise"") || sectionVisible(""diesel_req_approve""))"
"client/src/pages/Plant.tsx","client/src/pages/Plant.tsx:409","","{opLink(""/plant/equipment-usage"") + (plantName ? `&plant=${encodeURIComponent(plantName)}` : """")}","sectionVisible(""plant_equipment"")"
"client/src/pages/Plant.tsx","client/src/pages/Plant.tsx:426","","{opLink(""/plant/maintenance"")}","sectionVisible(""plant_equipment"")"
"client/src/pages/Plant.tsx","client/src/pages/Plant.tsx:450","","{opLink(""/plant/diesel-requirements"")}","(sectionVisible(""site_diesel"") || sectionVisible(""diesel_req_view"") || sectionVisible(""diesel_req_raise"") || sectionVisible(""diesel_req_approve""))"
"client/src/pages/Plant.tsx","client/src/pages/Plant.tsx:527","","{opLink(""/plant/dispatches"")}","!isRmc && sectionVisible(""plant_production"")"
"client/src/pages/Plant.tsx","client/src/pages/Plant.tsx:545","","{opLink(""/plant/equipment-usage"") + (plantName ? `&plant=${encodeURIComponent(plantName)}` : """")}","sectionVisible(""plant_equipment"")"
"client/src/pages/Plant.tsx","client/src/pages/Plant.tsx:563","","{opLink(""/plant/maintenance"")}","sectionVisible(""plant_equipment"")"
"client/src/pages/Plant.tsx","client/src/pages/Plant.tsx:588","","{opLink(""/plant/purchase-indents"")}","(sectionVisible(""site_procurement"") || sectionVisible(""purchase_indents_view"") || sectionVisible(""purchase_indents_raise"") || sectionVisible(""purchase_indents_approve""))"
"client/src/pages/Plant.tsx","client/src/pages/Plant.tsx:606","","{opLink(""/plant/shift-log"")}","!isRmc && sectionVisible(""plant_shift_logs"")"
"client/src/pages/Plant.tsx","client/src/pages/Plant.tsx:624","","{opLink(`/plant/heating-sessions/${new Date().toISOString().slice(0, 10)}`)}","!isRmc && sectionVisible(""plant_heating"")"
"client/src/pages/Plant.tsx","client/src/pages/Plant.tsx:642","","{opLink(""/plant/diesel-requirements"")}","(sectionVisible(""site_diesel"") || sectionVisible(""diesel_req_view"") || sectionVisible(""diesel_req_raise"") || sectionVisible(""diesel_req_approve""))"
"client/src/pages/Plant.tsx","client/src/pages/Plant.tsx:705","","{opLink(""/plant/rmc/batch-records"")}","isRmc && sectionVisible(""plant_production"")"
"client/src/pages/Plant.tsx","client/src/pages/Plant.tsx:721","","{opLink(""/plant/rmc/delivery-challans"")}","isRmc && sectionVisible(""plant_production"")"
"client/src/pages/Plant.tsx","client/src/pages/Plant.tsx:738","","{opLink(""/plant/rmc/raw-materials"")}","isRmc && sectionVisible(""plant_materials"")"
"client/src/pages/Plant.tsx","client/src/pages/Plant.tsx:755","","{opLink(""/plant/rmc/cube-tests"")}","isRmc && sectionVisible(""plant_production"")"
"client/src/pages/Plant.tsx","client/src/pages/Plant.tsx:779","","{opLink(""/plant/rmc/mix-designs"")}","isRmc && sectionVisible(""plant_production"")"
"client/src/pages/Plant.tsx","client/src/pages/Plant.tsx:814","","{appendRoleAndTab(`/plant/daily-report/${todayStr}`)}","!isRmc && sectionVisible(""plant_daily_reports"")"
"client/src/pages/Plant.tsx","client/src/pages/Plant.tsx:830","","{appendRoleAndTab(""/plant/daily-reports"")}","!isRmc && sectionVisible(""plant_daily_reports"")"
"client/src/pages/Plant.tsx","client/src/pages/Plant.tsx:846","","{appendRoleAndTab(""/plant/heating-trends"")}","!isRmc && sectionVisible(""plant_heating"")"
"client/src/pages/Plant.tsx","client/src/pages/Plant.tsx:862","","{appendRoleAndTab(""/plant/rmc/daily-report"")}","isRmc && sectionVisible(""plant_daily_reports"")"
"client/src/pages/Plant.tsx","client/src/pages/Plant.tsx:878","","/plant/dispatch-summary","(isAdmin || isManager)"
"client/src/pages/Plant.tsx","client/src/pages/Plant.tsx:1007","","{appendRoleAndTab(""/plant/stock"")}","sectionVisible(""plant_stock"")"
"client/src/pages/Plant.tsx","client/src/pages/Plant.tsx:1024","","{appendRoleAndTab(""/plant/variance-report"")}","!isRmc && sectionVisible(""plant_variance"")"
"client/src/pages/Plant.tsx","client/src/pages/Plant.tsx:1041","","{appendRoleAndTab(""/plant/audit-report"")}","!isRmc && sectionVisible(""plant_audit"")"
"client/src/pages/Plant.tsx","client/src/pages/Plant.tsx:1058","","{appendRoleAndTab(""/plant/diesel-procurement"")}","sectionVisible(""plant_diesel_proc"")"
"client/src/pages/Plant.tsx","client/src/pages/Plant.tsx:1075","","{appendRoleAndTab(""/plant/bitumen-stock"")}","!isRmc && sectionVisible(""plant_bitumen"")"
"client/src/pages/Plant.tsx","client/src/pages/Plant.tsx:1092","","{appendRoleAndTab(""/plant/ldo-flow-meter"")}","!isRmc && sectionVisible(""plant_ldo"")"
"client/src/pages/Plant.tsx","client/src/pages/Plant.tsx:1273","","{appendRoleAndTab(""/plant/vendor-bills"")}","(sectionVisible(""vendor_bills"") || sectionVisible(""vendor_bills_view"") || sectionVisible(""vendor_bills_raise"") || sectionVisible(""vendor_bills_verify"") || sectionVisible(""vendor_bills_approve""))"
"client/src/pages/Plant.tsx","client/src/pages/Plant.tsx:1296","","{appendRoleAndTab(""/plant/data-sync"")}","isAdmin"
"client/src/pages/Plant.tsx","client/src/pages/Plant.tsx:1311","","{appendRoleAndTab(""/plant/ldo-backfill"")}","isAdmin"
"client/src/pages/Plant.tsx","client/src/pages/Plant.tsx:1326","","{appendRoleAndTab(""/plant/ldo-dip-backfill"")}","isAdmin"
"client/src/pages/Plant.tsx","client/src/pages/Plant.tsx:3921","","{`/plant/ledger-rebuild?template=${postSaveAlertTemplate.id}`}","postSaveAlertTemplate && isAdmin"
"client/src/pages/Plant.tsx","client/src/pages/Plant.tsx:4006","","{`/plant/ledger-rebuild?template=${template.id}`}","isAdmin / canEdit / !templates?.length / isLoading"
"client/src/pages/Plant.tsx","client/src/pages/Plant.tsx:4157","","{sourceHref}","sourceHref"
"client/src/pages/PlantAuditReport.tsx","client/src/pages/PlantAuditReport.tsx:69","","{backLink}",""
"client/src/pages/PlantBitumenStock.tsx","client/src/pages/PlantBitumenStock.tsx:835","","{appendOrigin(""/plant/dashboard?tab=stock"")}","!pageRole"
"client/src/pages/PlantBitumenStock.tsx","client/src/pages/PlantBitumenStock.tsx:850","","/plant/hub","!pageRole"
"client/src/pages/PlantBitumenStock.tsx","client/src/pages/PlantBitumenStock.tsx:864","","{backLink}",""
"client/src/pages/PlantDailyReport.tsx","client/src/pages/PlantDailyReport.tsx:176","","{backHref}",""
"client/src/pages/PlantDailyReport.tsx","client/src/pages/PlantDailyReport.tsx:199","","{appendPlantContext(`/plant/shift-log/${date}`, { defaultTab: ""reports"" })}",""
"client/src/pages/PlantDailyReport.tsx","client/src/pages/PlantDailyReport.tsx:202","","{appendPlantContext(""/plant/daily-reports"", { defaultTab: ""reports"" })}",""
"client/src/pages/PlantDailyReport.tsx","client/src/pages/PlantDailyReport.tsx:205","","{`/api/plant-module/daily-reports/${date}/pdf?plant=${encodeURIComponent(plantName)}`}",""
"client/src/pages/PlantDailyReport.tsx","client/src/pages/PlantDailyReport.tsx:535","Fix in Shift Log","{appendPlantContext(`/plant/shift-log/${date}`, { defaultTab: ""reports"" }) + ""&focus=dryerFedFrom""}","!data.ldo.dryerFedFrom / !data.shift?.noMainPlantOps / !isLoading && data"
"client/src/pages/PlantDailyReports.tsx","client/src/pages/PlantDailyReports.tsx:453","","{backHref}",""
"client/src/pages/PlantDailyReports.tsx","client/src/pages/PlantDailyReports.tsx:787","","{appendPlantContext(`/plant/shift-log/${mismatch.date}?plant=${encodeURIComponent(mismatch.plantName)}&focus=dryerFedFrom`, { defaultTab: ""reports"" })}","mismatch && mismatch.conflictingSessions.length > 0 && mismatch.shiftLogId == null / !isLoading"
"client/src/pages/PlantDailyReports.tsx","client/src/pages/PlantDailyReports.tsx:821","","{appendPlantContext(`/plant/shift-log/${r.date}?plant=${encodeURIComponent(r.plantName)}&focus=dryerFedFrom`, { defaultTab: ""reports"" })}","r.dryerFedFrom === null && r.hasShiftLog / !isLoading"
"client/src/pages/PlantDailyReports.tsx","client/src/pages/PlantDailyReports.tsx:903","","{openHref}","!isLoading"
"client/src/pages/PlantDailyReports.tsx","client/src/pages/PlantDailyReports.tsx:908","","{pdfHref}","!isLoading"
"client/src/pages/PlantDetails.tsx","client/src/pages/PlantDetails.tsx:99","","{backLink}","error || !report"
"client/src/pages/PlantDetails.tsx","client/src/pages/PlantDetails.tsx:110","","{backLink}",""
"client/src/pages/PlantDieselProcurementReport.tsx","client/src/pages/PlantDieselProcurementReport.tsx:215","","{backLink}",""
"client/src/pages/PlantEquipmentUsage.tsx","client/src/pages/PlantEquipmentUsage.tsx:1236","","{backLink}",""
"client/src/pages/PlantGeneratorLogs.tsx","client/src/pages/PlantGeneratorLogs.tsx:325","","{backLink}",""
"client/src/pages/PlantHeatingMismatch.tsx","client/src/pages/PlantHeatingMismatch.tsx:146","","{trendsBackLink}",""
"client/src/pages/PlantHeatingMismatch.tsx","client/src/pages/PlantHeatingMismatch.tsx:166","Go back to the plant dashboard","{dashboardBackLink}","!date"
"client/src/pages/PlantHeatingMismatch.tsx","client/src/pages/PlantHeatingMismatch.tsx:195","Heating sessions for {date}","{heatingSessionsListLink}","sessionsQuery.isError || shiftLogsQuery.isError / sessionsQuery.isLoading || shiftLogsQuery.isLoading / !date"
"client/src/pages/PlantHeatingMismatch.tsx","client/src/pages/PlantHeatingMismatch.tsx:198","Shift log for {date}","{editShiftLogLink}","sessionsQuery.isError || shiftLogsQuery.isError / sessionsQuery.isLoading || shiftLogsQuery.isLoading / !date"
"client/src/pages/PlantHeatingMismatch.tsx","client/src/pages/PlantHeatingMismatch.tsx:279","","{heatingSessionsListLink}","sessionsQuery.isError || shiftLogsQuery.isError / sessionsQuery.isLoading || shiftLogsQuery.isLoading / !date"
"client/src/pages/PlantHeatingMismatch.tsx","client/src/pages/PlantHeatingMismatch.tsx:352","","{editSessionLink(s.id)}","sessions.length === 0 / sessionsQuery.isError || shiftLogsQuery.isError / sessionsQuery.isLoading || shiftLogsQuery.isLoading / !date"
"client/src/pages/PlantHeatingMismatch.tsx","client/src/pages/PlantHeatingMismatch.tsx:389","","{editShiftLogLink}","sessionsQuery.isError || shiftLogsQuery.isError / sessionsQuery.isLoading || shiftLogsQuery.isLoading / !date"
"client/src/pages/PlantHeatingMismatch.tsx","client/src/pages/PlantHeatingMismatch.tsx:454","","{editShiftLogLink}","shiftLogs.length === 0 / sessionsQuery.isError || shiftLogsQuery.isError / sessionsQuery.isLoading || shiftLogsQuery.isLoading / !date"
"client/src/pages/PlantHeatingSessions.tsx","client/src/pages/PlantHeatingSessions.tsx:832","","{returnToFromUrl}","returnToFromUrl"
"client/src/pages/PlantHeatingSessions.tsx","client/src/pages/PlantHeatingSessions.tsx:839","","{backLink}","returnToFromUrl"
"client/src/pages/PlantHeatingSessions.tsx","client/src/pages/PlantHeatingSessions.tsx:867","","{appendPlantContext(""/plant/heating-trends"", { forceTab: ""operations"" })}",""
"client/src/pages/PlantHeatingSessions.tsx","client/src/pages/PlantHeatingSessions.tsx:892","","{appendPlantContext(`/plant/ldo-mismatch/${date}?plant=${encodeURIComponent(rec.plantName)}`, { forceTab: ""operations"" })}","reconOnlyDates.length > 0"
"client/src/pages/PlantHeatingSessions.tsx","client/src/pages/PlantHeatingSessions.tsx:917","","{appendPlantContext(`/plant/ldo-mismatch/${date}?plant=${encodeURIComponent(rec.plantName)}`, { forceTab: ""operations"" })}","reconOnlyDates.length > 0"
"client/src/pages/PlantHeatingSessions.tsx","client/src/pages/PlantHeatingSessions.tsx:1101","","{appendPlantContext(`/plant/shift-log/${dm.date}?plant=${encodeURIComponent(dm.plantName)}&focus=dryerFedFrom`, { forceTab: ""operations"" })}","!hasShiftLogConflict && dm.shiftLogId == null / hasIntraConflict / isOpen / groupedDates.length === 0 / isLoading"
"client/src/pages/PlantHeatingSessions.tsx","client/src/pages/PlantHeatingSessions.tsx:1170","","{appendPlantContext(`/plant/ldo-mismatch/${date}?plant=${encodeURIComponent(rec.plantName)}`, { forceTab: ""operations"" })}","isOpen / groupedDates.length === 0 / isLoading"
"client/src/pages/PlantHeatingSessions.tsx","client/src/pages/PlantHeatingSessions.tsx:1300","","{appendPlantContext(`/plant/shift-log/${s.date}?plant=${encodeURIComponent(s.plantName)}&focus=dryerFedFrom`, { forceTab: ""operations"" })}","isIntraConflict && !isShiftLogConflict && dm?.shiftLogId == null / conflictingSessionIds.has(s.id) / isOpen / groupedDates.length === 0 / isLoading"
"client/src/pages/PlantHeatingTrends.tsx","client/src/pages/PlantHeatingTrends.tsx:146","","{backLink}",""
"client/src/pages/PlantHeatingTrends.tsx","client/src/pages/PlantHeatingTrends.tsx:449","","{appendPlantContext( `/plant/heating-mismatch/${r.date}?plant=${encodeURIComponent(plant)}`, { forceTab: ""reports"" }, )}","r.mismatchFlag / r.mismatchL == null / !data / isLoading"
"client/src/pages/PlantHeatingTrends.tsx","client/src/pages/PlantHeatingTrends.tsx:468","","{appendPlantContext( `/plant/ldo-mismatch/${r.date}?plant=${encodeURIComponent(plant)}`, { forceTab: ""reports"" }, )}","r.mismatchFlag / r.mismatchL == null / !data / isLoading"
"client/src/pages/PlantHeatingTrends.tsx","client/src/pages/PlantHeatingTrends.tsx:518","","{appendPlantContext(`/plant/heating-sessions/${r.date}`, { forceTab: ""reports"" })}","!data / isLoading"
"client/src/pages/PlantHome.tsx","client/src/pages/PlantHome.tsx:38","","/plant/hub","canSeePlant"
"client/src/pages/PlantLdoBackfill.tsx","client/src/pages/PlantLdoBackfill.tsx:436","","{backLink}","!isAdmin"
"client/src/pages/PlantLdoBackfill.tsx","client/src/pages/PlantLdoBackfill.tsx:457","","{backLink}",""
"client/src/pages/PlantLdoDipBackfill.tsx","client/src/pages/PlantLdoDipBackfill.tsx:435","","{backLink}","!isAdmin"
"client/src/pages/PlantLdoDipBackfill.tsx","client/src/pages/PlantLdoDipBackfill.tsx:456","","{backLink}",""
"client/src/pages/PlantLdoFlowMeter.tsx","client/src/pages/PlantLdoFlowMeter.tsx:1099","","{appendOrigin(""/plant/dashboard?tab=stock"")}","!pageRole"
"client/src/pages/PlantLdoFlowMeter.tsx","client/src/pages/PlantLdoFlowMeter.tsx:1114","","/plant/hub","!pageRole"
"client/src/pages/PlantLdoFlowMeter.tsx","client/src/pages/PlantLdoFlowMeter.tsx:1126","","{backLink}",""
"client/src/pages/PlantLdoFlowMeter.tsx","client/src/pages/PlantLdoFlowMeter.tsx:1154","","{appendOrigin(`/plant/ldo-reconciliation?role=${pageRole}&plant=${encodeURIComponent(urlPlant)}`)}",""
"client/src/pages/PlantLdoFlowMeter.tsx","client/src/pages/PlantLdoFlowMeter.tsx:2250","","{`/plant/material-receipts?highlight=${r.sourceMaterialReceiptId}`}","src === ""material-receipt"" && r.sourceMaterialReceiptId / filteredReadings.length === 0 / isLoading"
"client/src/pages/PlantLdoFlowMeter.tsx","client/src/pages/PlantLdoFlowMeter.tsx:2261","","{`/plant/material-issues?highlight=${r.sourceMaterialIssueId}`}","src === ""material-issue"" && r.sourceMaterialIssueId / src === ""material-receipt"" && r.sourceMaterialReceiptId / filteredReadings.length === 0 / isLoading"
"client/src/pages/PlantLdoMismatch.tsx","client/src/pages/PlantLdoMismatch.tsx:360","","{item.editLink}",""
"client/src/pages/PlantLdoMismatch.tsx","client/src/pages/PlantLdoMismatch.tsx:476","","{heatSessionsLink}",""
"client/src/pages/PlantLdoMismatch.tsx","client/src/pages/PlantLdoMismatch.tsx:529","","{editSessionLink(s.id)}","sessions.length === 0"
"client/src/pages/PlantLdoMismatch.tsx","client/src/pages/PlantLdoMismatch.tsx:563","","{shiftLogLink}",""
"client/src/pages/PlantLdoMismatch.tsx","client/src/pages/PlantLdoMismatch.tsx:618","","{shiftLogLink}","shiftLogs.length === 0"
"client/src/pages/PlantLdoMismatch.tsx","client/src/pages/PlantLdoMismatch.tsx:656","","{ldoFlowMeterLink}",""
"client/src/pages/PlantLdoMismatch.tsx","client/src/pages/PlantLdoMismatch.tsx:720","","{editSessionLink(r.sourceHeatingSessionId)}","r.sourceHeatingSessionId != null / ledgerRows.length === 0"
"client/src/pages/PlantLdoMismatch.tsx","client/src/pages/PlantLdoMismatch.tsx:730","","{shiftLogLink}","r.sourceShiftLogId != null / r.sourceHeatingSessionId != null / ledgerRows.length === 0"
"client/src/pages/PlantLdoMismatch.tsx","client/src/pages/PlantLdoMismatch.tsx:740","","{ldoFlowMeterLink}","r.sourceShiftLogId != null / r.sourceHeatingSessionId != null / ledgerRows.length === 0"
"client/src/pages/PlantLdoMismatch.tsx","client/src/pages/PlantLdoMismatch.tsx:1396","","{backLink}",""
"client/src/pages/PlantLdoMismatch.tsx","client/src/pages/PlantLdoMismatch.tsx:1523","Go back to the plant dashboard","{dashboardBackLink}","!effectiveDateFrom"
"client/src/pages/PlantLdoReconciliation.tsx","client/src/pages/PlantLdoReconciliation.tsx:177","","{backLink}",""
"client/src/pages/PlantLedgerRebuild.tsx","client/src/pages/PlantLedgerRebuild.tsx:92","","{backLink}","!isAdmin"
"client/src/pages/PlantLedgerRebuild.tsx","client/src/pages/PlantLedgerRebuild.tsx:104","","{backLink}",""
"client/src/pages/PlantLedgerRebuild.tsx","client/src/pages/PlantLedgerRebuild.tsx:164","","{backLink}","result"
"client/src/pages/PlantLedgerRebuild.tsx","client/src/pages/PlantLedgerRebuild.tsx:244","","{backLink}","result"
"client/src/pages/PlantMaintenance.tsx","client/src/pages/PlantMaintenance.tsx:691","","{`/stores/issues/${log.autoIssueId}`}","log.autoIssueNumber"
"client/src/pages/PlantMaintenance.tsx","client/src/pages/PlantMaintenance.tsx:979","","{backLink}",""
"client/src/pages/PlantMasters.tsx","client/src/pages/PlantMasters.tsx:119","","/masters/hub",""
"client/src/pages/PlantMaterialReceipts.tsx","client/src/pages/PlantMaterialReceipts.tsx:2028","Daily Diesel Requirement # {(receipt as any).linkedDieselRequirementId}","{`/plant/diesel-requirements?dieselReqId=${(receipt as any).linkedDieselRequirementId}`}","(receipt as any).linkedDieselRequirementId != null / isExpanded / !filteredReceipts.length / isLoading"
"client/src/pages/PlantMaterialReturns.tsx","client/src/pages/PlantMaterialReturns.tsx:432","","{backLink}",""
"client/src/pages/PlantNew.tsx","client/src/pages/PlantNew.tsx:53","","{backLink}",""
"client/src/pages/PlantNew.tsx","client/src/pages/PlantNew.tsx:101","","{backLink}",""
"client/src/pages/PlantProjectReport.tsx","client/src/pages/PlantProjectReport.tsx:142","","{backLink}",""
"client/src/pages/PlantShiftLog.tsx","client/src/pages/PlantShiftLog.tsx:1091","","{backLink}","viewMode === ""list"""
"client/src/pages/PlantShiftLog.tsx","client/src/pages/PlantShiftLog.tsx:1118","","{appendPlantContext(""/plant/shift-log-manpower-review"", { forceTab: ""operations"" })}","viewMode === ""list"""
"client/src/pages/PlantShiftLog.tsx","client/src/pages/PlantShiftLog.tsx:1226","","{appendPlantContext(`/plant/daily-report/${r.date}`, { forceTab: ""operations"" })}","isOpen / !sorted.length / listLoading / viewMode === ""list"""
"client/src/pages/PlantShiftLog.tsx","client/src/pages/PlantShiftLog.tsx:1279","","{appendPlantContext(`/plant/daily-report/${date}`, { forceTab: ""operations"" })}",""
"client/src/pages/PlantShiftLog.tsx","client/src/pages/PlantShiftLog.tsx:1616","","{`${base}${sep}returnTo=${encodeURIComponent(returnTo)}`}","!isLoading"
"client/src/pages/PlantShiftLogManpowerReview.tsx","client/src/pages/PlantShiftLogManpowerReview.tsx:1668","","{backLink}","!isAdmin"
"client/src/pages/PlantShiftLogManpowerReview.tsx","client/src/pages/PlantShiftLogManpowerReview.tsx:1678","","{backLink}",""
"client/src/pages/PlantStock.tsx","client/src/pages/PlantStock.tsx:1418","","{backLink}",""
"client/src/pages/PlantStock.tsx","client/src/pages/PlantStock.tsx:1430","","{appendPlantContext(""/plant/stock-transfer"", { defaultTab: ""stock"" })}",""
"client/src/pages/PlantStock.tsx","client/src/pages/PlantStock.tsx:2161","","{`/plant/equipment-usage?dateFrom=${entry.date}&dateTo=${entry.date}&returnTo=${buildLedgerReturnTo(entry.id)}`}","!isBF && (entry.transactionType === 'equipment_usage' || entry.transactionType === 'dpr_equipment_usage') / !ledgerForDisplay?.length && !(dateFrom && balanceAsOfLoading) / ledgerLoading"
"client/src/pages/PlantStock.tsx","client/src/pages/PlantStock.tsx:2169","","{`/plant/material-receipts?edit=${entry.referenceId}&returnTo=${buildLedgerReturnTo(entry.id)}`}","!isBF && entry.transactionType === 'receipt' && entry.referenceId != null / !ledgerForDisplay?.length && !(dateFrom && balanceAsOfLoading) / ledgerLoading"
"client/src/pages/PlantStock.tsx","client/src/pages/PlantStock.tsx:2174","","{`/plant/dispatches?edit=${entry.referenceId}&returnTo=${buildLedgerReturnTo(entry.id)}`}","!isBF && entry.transactionType === 'dispatch' && entry.referenceId != null && !entry._mergedDelta / !ledgerForDisplay?.length && !(dateFrom && balanceAsOfLoading) / ledgerLoading"
"client/src/pages/PlantStock.tsx","client/src/pages/PlantStock.tsx:2179","","{`/plant/material-issues?highlight=${entry.referenceId}&returnTo=${buildLedgerReturnTo(entry.id)}`}","!isBF && (entry.transactionType === 'issue' || entry.transactionType === 'tank_transfer') && entry.referenceId != null / !ledgerForDisplay?.length && !(dateFrom && balanceAsOfLoading) / ledgerLoading"
"client/src/pages/PlantStock.tsx","client/src/pages/PlantStock.tsx:2184","","{`/plant/material-returns?highlight=${entry.referenceId}&returnTo=${buildLedgerReturnTo(entry.id)}`}","!isBF && entry.transactionType === 'return' && entry.referenceId != null / !ledgerForDisplay?.length && !(dateFrom && balanceAsOfLoading) / ledgerLoading"
"client/src/pages/PlantStock.tsx","client/src/pages/PlantStock.tsx:2189","","{`/plant/stock-transfer?returnTo=${buildLedgerReturnTo(entry.id)}`}","!isBF && entry.transactionType === 'transfer' && entry.referenceId != null / !ledgerForDisplay?.length && !(dateFrom && balanceAsOfLoading) / ledgerLoading"
"client/src/pages/PlantStock.tsx","client/src/pages/PlantStock.tsx:2194","","{`/plant/equipment-usage?dateFrom=${entry.date}&dateTo=${entry.date}&returnTo=${buildLedgerReturnTo(entry.id)}`}","!isBF && entry.transactionType === 'direct_purchase' / !ledgerForDisplay?.length && !(dateFrom && balanceAsOfLoading) / ledgerLoading"
"client/src/pages/PlantStock.tsx","client/src/pages/PlantStock.tsx:2202","","{`/plant/ldo-logs`}","!isBF && entry.transactionType === 'ldo_dip_consumption' / !ledgerForDisplay?.length && !(dateFrom && balanceAsOfLoading) / ledgerLoading"
"client/src/pages/PlantStockReassign.tsx","client/src/pages/PlantStockReassign.tsx:149","","{backLink}","!isAdmin"
"client/src/pages/PlantStockReassign.tsx","client/src/pages/PlantStockReassign.tsx:157","","{backLink}",""
"client/src/pages/PlantStockReconciliation.tsx","client/src/pages/PlantStockReconciliation.tsx:273","","/plant/stock",""
"client/src/pages/PlantStockTransfer.tsx","client/src/pages/PlantStockTransfer.tsx:142","","{backLink}","!canTransfer"
"client/src/pages/PlantStockTransfer.tsx","client/src/pages/PlantStockTransfer.tsx:150","","{backLink}",""
"client/src/pages/PlantVarianceReport.tsx","client/src/pages/PlantVarianceReport.tsx:148","","{backLink}",""
"client/src/pages/ProgressReport.tsx","client/src/pages/ProgressReport.tsx:146","Reports Hub","/reports/hub",""
"client/src/pages/ProgressReport.tsx","client/src/pages/ProgressReport.tsx:401","DPR- {e.dprId}","{dprLinkWithReturn(e.dprId, state)}",""
"client/src/pages/ProgressReport.tsx","client/src/pages/ProgressReport.tsx:541","DPR- {entry.dprId}","{dprLinkWithReturn(entry.dprId, state)}",""
"client/src/pages/ProgressReport.tsx","client/src/pages/ProgressReport.tsx:698","View DPR- {pair.a.dprId}","{dprLinkWithReturn(pair.a.dprId, state)}",""
"client/src/pages/ProgressReport.tsx","client/src/pages/ProgressReport.tsx:701","View DPR- {pair.b.dprId}","{dprLinkWithReturn(pair.b.dprId, state)}",""
"client/src/pages/ProgressReport.tsx","client/src/pages/ProgressReport.tsx:933","DPR- {entry.dprId}","{dprLinkWithReturn(entry.dprId, state)}",""
"client/src/pages/ProgressReport.tsx","client/src/pages/ProgressReport.tsx:1222","DPR- {e.dprId}","{dprLinkWithReturn(e.dprId, state)}","active"
"client/src/pages/ProgressReport.tsx","client/src/pages/ProgressReport.tsx:1309","DPR- {e.dprId}","{dprLinkWithReturn(e.dprId, state)}",""
"client/src/pages/PurchaseIndents.tsx","client/src/pages/PurchaseIndents.tsx:2471","","{backLink}",""
"client/src/pages/PurchaseIndents.tsx","client/src/pages/PurchaseIndents.tsx:2909","","{`/stores/grns?indentRef=${encodeURIComponent(indent.indentNo)}`}","canViewStores && indentGrnCounts && indentGrnCounts[indent.indentNo] / filteredIndents.length === 0 / isLoading / view === ""list"""
"client/src/pages/PurchaseIndents.tsx","client/src/pages/PurchaseIndents.tsx:2932","","{`/stores/grns/new?indentRef=${encodeURIComponent(indent.indentNo)}`}","canViewStores && indentGrnCounts && (indent.status === ""approved"" || indent.status === ""completed"") / canViewStores && indentGrnCounts && indentGrnCounts[indent.indentNo] / filteredIndents.length === 0 / isLoading / view === ""list"""
"client/src/pages/PurchaseIndents.tsx","client/src/pages/PurchaseIndents.tsx:4398","","{`/stores/grns/${grn.id}`}","grnPanelOpen / canViewStores && linkedGrns.length > 0 / selectedIndent / isLoadingDetail / (view === ""purchase"" || view === ""procurement"")"
"client/src/pages/PurchaseIndents.tsx","client/src/pages/PurchaseIndents.tsx:5375","View existing GRNs ↗","{`/stores/grns?indentRef=${encodeURIComponent(selectedIndent.indentNo)}`}","selectedIndent && indentGrnCounts && indentGrnCounts[selectedIndent.indentNo] > 0"
"client/src/pages/RateCards.tsx","client/src/pages/RateCards.tsx:687","","{_backHref}","onReturnToDraft"
"client/src/pages/ResourceReview.tsx","client/src/pages/ResourceReview.tsx:77","","{`/work-program/${projectId}`}",""
"client/src/pages/ResourceReview.tsx","client/src/pages/ResourceReview.tsx:136","","{`/work-program/${projectId}?recipeItem=${r.it.id}`}","isLoading"
"client/src/pages/RmcBatchRecords.tsx","client/src/pages/RmcBatchRecords.tsx:269","","/plant/rmc",""
"client/src/pages/RmcCubeTests.tsx","client/src/pages/RmcCubeTests.tsx:185","","/plant/rmc",""
"client/src/pages/RmcDailyReport.tsx","client/src/pages/RmcDailyReport.tsx:58","","/plant/rmc",""
"client/src/pages/RmcDeliveryChallans.tsx","client/src/pages/RmcDeliveryChallans.tsx:124","","/plant/rmc",""
"client/src/pages/RmcDeliveryChallans.tsx","client/src/pages/RmcDeliveryChallans.tsx:165","","/plant/rmc/batch-records","challans.length === 0 / isLoading"
"client/src/pages/RmcMixDesigns.tsx","client/src/pages/RmcMixDesigns.tsx:145","","/plant/rmc",""
"client/src/pages/RmcRawMaterials.tsx","client/src/pages/RmcRawMaterials.tsx:164","","/plant/rmc",""
"client/src/pages/RoadGeometry.tsx","client/src/pages/RoadGeometry.tsx:153","Work Programme","/work-program",""
"client/src/pages/RoadGeometry.tsx","client/src/pages/RoadGeometry.tsx:155","{project?.name ?? `Project ${projectId}`}","{`/work-program/${projectId}`}",""
"client/src/pages/RoadGeometry.tsx","client/src/pages/RoadGeometry.tsx:287","Open Project Scope","{`/work-program/${projectId}/scope`}","preview.status === ""corridor_unconfirmed"""
"client/src/pages/ScenarioComparison.tsx","client/src/pages/ScenarioComparison.tsx:158","","{`/admin/mix-impact?estimateId=${estimateId}`}",""
"client/src/pages/ScopeSetup.tsx","client/src/pages/ScopeSetup.tsx:233","Work Programme","/work-program",""
"client/src/pages/ScopeSetup.tsx","client/src/pages/ScopeSetup.tsx:235","{project?.name ?? `Project ${projectId}`}","{`/work-program/${projectId}`}",""
"client/src/pages/ScopeSetup.tsx","client/src/pages/ScopeSetup.tsx:244","DPR # {d.id} — {d.site} ( {d.date} ), {d.affectedRows} affected row(s)","{d.editUrl ?? `/site/edit/${d.id}?draft`}","correctionResultDrafts.length > 0"
"client/src/pages/ScopeSetup.tsx","client/src/pages/ScopeSetup.tsx:254","","{`/work-program/${projectId}/execution-arrangements`}",""
"client/src/pages/ScopeSetup.tsx","client/src/pages/ScopeSetup.tsx:421","DPR # {d.id} — {d.site} ( {d.date} ), {d.affectedRows} affected row(s)","{d.editUrl ?? `/site/edit/${d.id}?draft`}","correctionEligibilityQuery.data?.affectedDrafts?.length > 0 / correctionId != null / showForm"
"client/src/pages/SiteBackfill.tsx","client/src/pages/SiteBackfill.tsx:164","","/admin/hub","!isAdmin"
"client/src/pages/SiteBackfill.tsx","client/src/pages/SiteBackfill.tsx:185","","/admin/hub",""
"client/src/pages/SiteDashboard.tsx","client/src/pages/SiteDashboard.tsx:959","","{backLink}",""
"client/src/pages/SiteDashboard.tsx","client/src/pages/SiteDashboard.tsx:987","","{appendOrigin(roadDprHref())}","canCreate"
"client/src/pages/SiteDashboard.tsx","client/src/pages/SiteDashboard.tsx:1185","","{appendOrigin(roadDprHref())}","!hasActiveFilters / !dprs || dprs.length === 0 / isLoading"
"client/src/pages/SiteEdit.tsx","client/src/pages/SiteEdit.tsx:1816","← Back to Progress Report","{_validatedReturnTo}","_returnTo"
"client/src/pages/SiteHome.tsx","client/src/pages/SiteHome.tsx:159","","{roadDprHref(""/site"")}","canDprs"
"client/src/pages/SiteHome.tsx","client/src/pages/SiteHome.tsx:179","","/site/new?type=structure&returnTo=/site","canDprs"
"client/src/pages/SiteHome.tsx","client/src/pages/SiteHome.tsx:197","","/site/material-trips?returnTo=/site","canMaterials"
"client/src/pages/SiteHome.tsx","client/src/pages/SiteHome.tsx:215","","/plant/purchase-indents?returnTo=/site&from=site","canProcure"
"client/src/pages/SiteHome.tsx","client/src/pages/SiteHome.tsx:237","","/plant/diesel-requirements?returnTo=/site","canDiesel"
"client/src/pages/SiteHome.tsx","client/src/pages/SiteHome.tsx:257","","/site/requirements/new?returnTo=/site","canDprs"
"client/src/pages/SiteHome.tsx","client/src/pages/SiteHome.tsx:275","","/site/requirements/new?mode=immediate&returnTo=/site","canDprs"
"client/src/pages/SiteHome.tsx","client/src/pages/SiteHome.tsx:306","","/site/dashboard","canDprs"
"client/src/pages/SiteHome.tsx","client/src/pages/SiteHome.tsx:322","","{item.href}","recentActivity.length === 0"
"client/src/pages/SiteHome.tsx","client/src/pages/SiteHome.tsx:358","","{r.href}",""
"client/src/pages/SiteMaterialStock.tsx","client/src/pages/SiteMaterialStock.tsx:52","","{backHref}",""
"client/src/pages/SiteMaterialStock.tsx","client/src/pages/SiteMaterialStock.tsx:99","","{`/site/material-trips?site=${encodeURIComponent(site)}&returnTo=${encodeURIComponent(""/site/material-stock"")}`}","rows.length === 0 / isLoading"
"client/src/pages/SiteMaterialTrips.tsx","client/src/pages/SiteMaterialTrips.tsx:515","","{returnTo}",""
"client/src/pages/SiteMaterialsReceived.tsx","client/src/pages/SiteMaterialsReceived.tsx:271","","{returnTo}",""
"client/src/pages/SitePurchasesReport.tsx","client/src/pages/SitePurchasesReport.tsx:187","","{returnTo}",""
"client/src/pages/SiteReport.tsx","client/src/pages/SiteReport.tsx:166","Back","{backLink}",""
"client/src/pages/SiteReport.tsx","client/src/pages/SiteReport.tsx:238","Home","/",""
"client/src/pages/SiteRequirementsList.tsx","client/src/pages/SiteRequirementsList.tsx:1426","","{backHref}",""
"client/src/pages/SiteRequirementsList.tsx","client/src/pages/SiteRequirementsList.tsx:1458","","/site/requirements/new?returnTo=/site/requirements","context !== ""equipment"" && context !== ""stores"""
"client/src/pages/SiteRequirementsList.tsx","client/src/pages/SiteRequirementsList.tsx:1479","","/site/requirements/new?returnTo=/site/requirements","context !== ""equipment"" && context !== ""stores"" / !isLoading && reqs.length === 0"
"client/src/pages/SiteSuccess.tsx","client/src/pages/SiteSuccess.tsx:40","","{withReturnTo(`/site/report/${reportId}`, backLink)}","reportId"
"client/src/pages/SiteSuccess.tsx","client/src/pages/SiteSuccess.tsx:47","","{(() => { const base = `/site/new${newReportType ? `?type=${newReportType}` : """"}`; if (returnTo) return `${base}${newReportType ? ""&"" : ""?""}returnTo=${encodeURIComponent(returnTo)}`; return appendOrigin(base); })()}",""
"client/src/pages/SiteSuccess.tsx","client/src/pages/SiteSuccess.tsx:57","","{backLink}",""
"client/src/pages/StoresDieselRegister.tsx","client/src/pages/StoresDieselRegister.tsx:101","{a.fileName}","{a.objectPath}","purchaseDocuments.length / open"
"client/src/pages/StoresGrn.tsx","client/src/pages/StoresGrn.tsx:789","","{returnTo}",""
"client/src/pages/StoresGrn.tsx","client/src/pages/StoresGrn.tsx:2049","","{`/plant/purchase-indents?indentRef=${encodeURIComponent(grn.indentRef)}&context=stores`}","grn.indentRef / grns.length === 0 / isLoading / !selectedId && !showForm"
"client/src/pages/StoresHome.tsx","client/src/pages/StoresHome.tsx:47","","/stores/hub",""
"client/src/pages/StoresHome.tsx","client/src/pages/StoresHome.tsx:79","","{`/plant/material-receipts?returnTo=${BULK_RETURN}&context=stores`}","canBulk"
"client/src/pages/StoresHome.tsx","client/src/pages/StoresHome.tsx:94","","{`/plant/material-issues?returnTo=${BULK_RETURN}&context=stores`}","canBulk"
"client/src/pages/StoresHome.tsx","client/src/pages/StoresHome.tsx:109","","{`/plant/material-returns?returnTo=${BULK_RETURN}&context=stores`}","canBulk"
"client/src/pages/StoresHome.tsx","client/src/pages/StoresHome.tsx:124","","{`/plant/stock?returnTo=${BULK_RETURN}&context=stores`}","canBulk"
"client/src/pages/StoresHome.tsx","client/src/pages/StoresHome.tsx:169","","{`/stores/grns?returnTo=${ITEMS_RETURN}`}",""
"client/src/pages/StoresHome.tsx","client/src/pages/StoresHome.tsx:181","","{`/stores/issues?returnTo=${ITEMS_RETURN}`}",""
"client/src/pages/StoresHome.tsx","client/src/pages/StoresHome.tsx:193","","/stores/items",""
"client/src/pages/StoresHome.tsx","client/src/pages/StoresHome.tsx:216","","{`/stores/ledger/${s.itemId}`}","lowStock.length > 0"
"client/src/pages/StoresHome.tsx","client/src/pages/StoresHome.tsx:238","","{`/stores/grns?returnTo=${ITEMS_RETURN}`}",""
"client/src/pages/StoresHome.tsx","client/src/pages/StoresHome.tsx:241","","{`/stores/issues?returnTo=${ITEMS_RETURN}`}",""
"client/src/pages/StoresHome.tsx","client/src/pages/StoresHome.tsx:283","","{`/stores/ledger/${s.itemId}`}","stock.length === 0 / isLoading"
"client/src/pages/StoresIssue.tsx","client/src/pages/StoresIssue.tsx:207","","{returnTo}",""
"client/src/pages/StoresItems.tsx","client/src/pages/StoresItems.tsx:117","","{_returnTo}",""
"client/src/pages/StoresLedger.tsx","client/src/pages/StoresLedger.tsx:59","","{_backHref}",""
"client/src/pages/StoresLedger.tsx","client/src/pages/StoresLedger.tsx:147","","{`/irn/${entry.irnId}`}","entry.irnId && entry.irnNo / ledger.length === 0 / isLoading"
"client/src/pages/UserManagement.tsx","client/src/pages/UserManagement.tsx:172","Back","{new URLSearchParams(typeof window !== ""undefined"" ? window.location.search : """").get(""returnTo"") || ""/admin/hub""}",""
"client/src/pages/VendorBills.tsx","client/src/pages/VendorBills.tsx:3399","","{`/site/material-trips?returnTo=${encodeURIComponent(typeof window !== ""undefined"" ? window.location.pathname : ""/plant/vendor-bills"")}`}","(billType === ""material"" || billType === ""all"") / vendorName && periodFrom && periodTo && billType !== ""other"" && !isHistoricalHireEdit / view === ""form"""
"client/src/pages/VendorBills.tsx","client/src/pages/VendorBills.tsx:4961","","{backLink}",""
"client/src/pages/VendorMaster.tsx","client/src/pages/VendorMaster.tsx:67","← Master Data","/masters/hub",""
"client/src/pages/WorkDemand.tsx","client/src/pages/WorkDemand.tsx:1664","Plant Material Master","/plant?tab=home","profileAmbiguous / uomCheck.compatible / selected && uomCheck"
"client/src/pages/WorkDemand.tsx","client/src/pages/WorkDemand.tsx:1684","Plant Material Master","/plant?tab=home","hasProfileCompat && profileForBomUom / profileAmbiguous / uomCheck.compatible / selected && uomCheck"
"client/src/pages/WorkDemand.tsx","client/src/pages/WorkDemand.tsx:1987","Classify in Earthwork Classification & Cut/Fill","{`/work-program/${projectId}/earthwork`}","ps === ""earthwork_classification_required"""
"client/src/pages/WorkDemand.tsx","client/src/pages/WorkDemand.tsx:2023","Configure UOM Conversion","/plant?tab=home","ps === ""uom_resolution_required"" && rd?.materialName / ps === ""mapping_required"" || ps === ""uom_resolution_required"" || ps === ""multiple_matches"""
"client/src/pages/WorkDemand.tsx","client/src/pages/WorkDemand.tsx:2812","","/work-program",""
"client/src/pages/WorkDemand.tsx","client/src/pages/WorkDemand.tsx:2819","","{`/work-program/${projectId}`}",""
"client/src/pages/WorkDemand.tsx","client/src/pages/WorkDemand.tsx:2825","","{`/work-program/${projectId}/programme`}",""
"client/src/pages/WorkDemand.tsx","client/src/pages/WorkDemand.tsx:2860","","{`/work-program/${projectId}/programme`}",""
"client/src/pages/WorkProgramme.tsx","client/src/pages/WorkProgramme.tsx:3170","","{`/work-program/${projectId}/demand?tab=procurement`}",""
"client/src/pages/WorkProgramme.tsx","client/src/pages/WorkProgramme.tsx:4087","","/work-program",""
"client/src/pages/WorkProgramme.tsx","client/src/pages/WorkProgramme.tsx:4094","","{`/work-program/${projectId}`}",""
"client/src/pages/WorkProgramme.tsx","client/src/pages/WorkProgramme.tsx:4217","","{`/work-program/${projectId}/demand`}",""
"client/src/pages/WorkProgramme.tsx","client/src/pages/WorkProgramme.tsx:4225","","{`/work-program/${projectId}/scope`}",""
"client/src/pages/WorkProgramme.tsx","client/src/pages/WorkProgramme.tsx:4234","","{`/work-program/${projectId}/settings`}",""
"client/src/pages/irn/IrnListPage.tsx","client/src/pages/irn/IrnListPage.tsx:297","","/irn/new","canRaise"