file,importReachable,routes,controls,apiCalls
"client/src/pages/Account.tsx","true","/account","5","7"
"client/src/pages/AdminMastersHub.tsx","true","/masters/hub","0","0"
"client/src/pages/AdminReports.tsx","true","/admin/reports","14","2"
"client/src/pages/AdminSettings.tsx","true","/admin/settings","13","13"
"client/src/pages/BoqItemRecipes.tsx","true","","46","45"
"client/src/pages/BoqItemReview.tsx","true","/work-program/:id/item-review","16","12"
"client/src/pages/BoqProgramSettings.tsx","true","/work-program/:id/settings","10","18"
"client/src/pages/BoqProjectDetail.tsx","true","/work-program/:id","58","52"
"client/src/pages/BoqProjects.tsx","true","/work-program","19","11"
"client/src/pages/ConcreteCalculator.tsx","true","/concrete-calculator","111","17"
"client/src/pages/ConcreteCalculatorV2.tsx","true","/concrete-calculator-v2","40","10"
"client/src/pages/ConcreteEstimates.tsx","true","/admin/concrete-estimates","11","6"
"client/src/pages/DataSync.tsx","true","/plant/data-sync","8","3"
"client/src/pages/DeviceApproval.tsx","true","/admin/devices","5","7"
"client/src/pages/DieselRequirements.tsx","true","/plant/diesel-requirements","62","35"
"client/src/pages/DprDetails.tsx","false","","4","15"
"client/src/pages/DprSections.tsx","true","/site/new; /site/guided; /site/work/:id; /site/edit/:id","10","2"
"client/src/pages/DprWorkHub.tsx","true","","0","2"
"client/src/pages/EarthworkControl.tsx","true","/work-program/:id/earthwork","4","12"
"client/src/pages/EditRequestsPage.tsx","true","/edit-requests; /edit-requests/mine","8","10"
"client/src/pages/EquipmentHireBilling.tsx","true","/equipment/hire-billing","12","13"
"client/src/pages/EquipmentHub.tsx","true","/equipment/hub","0","7"
"client/src/pages/EquipmentPerformanceReport.tsx","true","/reports/equipment-performance","5","4"
"client/src/pages/EquipmentStatus.tsx","true","/equipment/status","3","3"
"client/src/pages/EstimatorHub.tsx","true","/estimator-hub","3","0"
"client/src/pages/EstimatorLogin.tsx","true","/estimator-login","3","1"
"client/src/pages/ExecutionArrangements.tsx","true","/work-program/:id/execution-arrangements","10","17"
"client/src/pages/FieldHome.tsx","true","","8","29"
"client/src/pages/FinanceHub.tsx","true","/finance/hub","0","4"
"client/src/pages/GuidedDpr.tsx","true","/site/guided/combined","50","25"
"client/src/pages/HmpHub.tsx","true","/plant/hub","0","8"
"client/src/pages/Home.tsx","true","/","1","19"
"client/src/pages/Login.tsx","true","/login","3","4"
"client/src/pages/ManagementReport.tsx","true","/admin/management-report","10","18"
"client/src/pages/MastersHub.tsx","true","/admin/hub","0","1"
"client/src/pages/MixComparativeReport.tsx","true","/admin/mix-comparison","4","3"
"client/src/pages/MixEstimates.tsx","true","/admin/mix-estimates","20","6"
"client/src/pages/MixImpact.tsx","true","/admin/mix-impact","11","12"
"client/src/pages/MyPlans.tsx","true","/my-plans","0","1"
"client/src/pages/NewDpr.tsx","false","","1","0"
"client/src/pages/NormsLibrary.tsx","true","/norms","16","9"
"client/src/pages/NotificationPreferences.tsx","true","/notifications/preferences","4","2"
"client/src/pages/PendingPlantReceipts.tsx","true","/stores/pending-plant-receipts","14","7"
"client/src/pages/PermissionMigrationAudit.tsx","true","/admin/permission-migration-audit","2","3"
"client/src/pages/PlanningMasters.tsx","true","/work-program/planning-masters","20","16"
"client/src/pages/Plant.tsx","true","/plant/dashboard","173","112"
"client/src/pages/PlantAuditReport.tsx","true","/plant/audit-report","2","3"
"client/src/pages/PlantBitumenStock.tsx","true","/plant/bitumen-stock","39","21"
"client/src/pages/PlantDailyReport.tsx","true","/plant/daily-report; /plant/daily-report/:date","10","8"
"client/src/pages/PlantDailyReports.tsx","true","/plant/daily-reports","17","14"
"client/src/pages/PlantDetails.tsx","true","/plant/:id","5","6"
"client/src/pages/PlantDieselProcurementReport.tsx","true","/plant/diesel-procurement","4","7"
"client/src/pages/PlantDispatches.tsx","true","/plant/dispatches","35","20"
"client/src/pages/PlantEquipmentUsage.tsx","true","/plant/equipment-usage","41","30"
"client/src/pages/PlantGeneratorLogs.tsx","true","/plant/generator-logs","9","8"
"client/src/pages/PlantHeatingMismatch.tsx","true","/plant/heating-mismatch/:date","5","4"
"client/src/pages/PlantHeatingSessions.tsx","true","/plant/heating-sessions; /plant/heating-sessions/:date","27","31"
"client/src/pages/PlantHeatingTrends.tsx","true","/plant/heating-trends","6","2"
"client/src/pages/PlantHome.tsx","true","/plant","0","0"
"client/src/pages/PlantLdoBackfill.tsx","true","/plant/ldo-backfill","13","4"
"client/src/pages/PlantLdoDipBackfill.tsx","true","/plant/ldo-dip-backfill","11","4"
"client/src/pages/PlantLdoFlowMeter.tsx","true","/plant/ldo-flow-meter","70","29"
"client/src/pages/PlantLdoMismatch.tsx","true","/plant/ldo-mismatch/:date","15","11"
"client/src/pages/PlantLdoReconciliation.tsx","true","/plant/ldo-reconciliation","3","4"
"client/src/pages/PlantLedgerRebuild.tsx","true","/plant/ledger-rebuild","8","3"
"client/src/pages/PlantMaintenance.tsx","true","/plant/maintenance","48","19"
"client/src/pages/PlantMasters.tsx","true","/masters/section/:section","1","0"
"client/src/pages/PlantMaterialIssues.tsx","true","/plant/material-issues","22","10"
"client/src/pages/PlantMaterialReceipts.tsx","true","/plant/material-receipts","34","34"
"client/src/pages/PlantMaterialReturns.tsx","true","/plant/material-returns","16","14"
"client/src/pages/PlantNew.tsx","true","/plant/new","6","2"
"client/src/pages/PlantProjectReport.tsx","true","/plant/dispatch-summary","4","5"
"client/src/pages/PlantShiftLog.tsx","true","/plant/shift-log; /plant/shift-log/:date","46","30"
"client/src/pages/PlantShiftLogManpowerReview.tsx","true","/plant/shift-log-manpower-review","44","60"
"client/src/pages/PlantStock.tsx","true","/plant/stock","55","31"
"client/src/pages/PlantStockReassign.tsx","true","/plant/stock-reassign","8","4"
"client/src/pages/PlantStockReconciliation.tsx","true","/plant/stock-reconciliation","13","12"
"client/src/pages/PlantStockTransfer.tsx","true","/plant/stock-transfer","6","4"
"client/src/pages/PlantVarianceReport.tsx","true","/plant/variance-report","8","4"
"client/src/pages/ProgressReport.tsx","true","/reports/progress","38","11"
"client/src/pages/PurchaseIndents.tsx","true","/plant/purchase-indents","151","94"
"client/src/pages/RateCards.tsx","true","/plant/rate-cards","31","15"
"client/src/pages/ReportsHub.tsx","true","/reports/hub","0","0"
"client/src/pages/ResourceReview.tsx","true","/work-program/:id/resource-review","3","4"
"client/src/pages/RmcBatchRecords.tsx","true","/plant/rmc/batch-records","16","17"
"client/src/pages/RmcCubeTests.tsx","true","/plant/rmc/cube-tests","19","11"
"client/src/pages/RmcDailyReport.tsx","true","/plant/rmc/daily-report","6","7"
"client/src/pages/RmcDeliveryChallans.tsx","true","/plant/rmc/delivery-challans","5","6"
"client/src/pages/RmcHub.tsx","true","/rmc/hub; /plant/rmc","2","7"
"client/src/pages/RmcMixDesigns.tsx","true","/plant/rmc/mix-designs","11","6"
"client/src/pages/RmcRawMaterials.tsx","true","/plant/rmc/raw-materials","16","14"
"client/src/pages/RoadGeometry.tsx","true","/work-program/:id/geometry","4","9"
"client/src/pages/ScenarioComparison.tsx","true","/admin/scenario-comparison","4","5"
"client/src/pages/ScopeSetup.tsx","true","/work-program/:id/scope","18","21"
"client/src/pages/SiteBackfill.tsx","true","/admin/site-backfill","10","3"
"client/src/pages/SiteDashboard.tsx","true","/site/dashboard","29","10"
"client/src/pages/SiteEdit.tsx","true","","73","22"
"client/src/pages/SiteEntry.tsx","true","/site/combined","84","26"
"client/src/pages/SiteHome.tsx","true","/site","9","6"
"client/src/pages/SiteHub.tsx","true","/site/hub","0","2"
"client/src/pages/SiteMaterialStock.tsx","true","/site/material-stock","2","3"
"client/src/pages/SiteMaterialTrips.tsx","true","/site/material-trips","33","15"
"client/src/pages/SiteMaterialsReceived.tsx","true","/site/materials-received","27","7"
"client/src/pages/SitePreview.tsx","true","","4","4"
"client/src/pages/SitePurchasesReport.tsx","true","/site/purchases","14","7"
"client/src/pages/SiteReport.tsx","true","/site/report/:id","18","14"
"client/src/pages/SiteRequirementNew.tsx","true","/site/requirements/new","21","12"
"client/src/pages/SiteRequirementsList.tsx","true","/site/requirements","41","18"
"client/src/pages/SiteSuccess.tsx","true","/site/success/:id","3","0"
"client/src/pages/StoresDieselRegister.tsx","true","/stores/diesel-register","3","9"
"client/src/pages/StoresGrn.tsx","true","/stores/grns; /stores/grns/new; /stores/grns/:id","64","37"
"client/src/pages/StoresHome.tsx","true","/stores","9","1"
"client/src/pages/StoresHub.tsx","true","/stores/hub","3","6"
"client/src/pages/StoresIssue.tsx","true","/stores/issues; /stores/issues/new; /stores/issues/:id","30","14"
"client/src/pages/StoresItems.tsx","true","/stores/items","14","9"
"client/src/pages/StoresLedger.tsx","true","/stores/ledger/:itemId","2","3"
"client/src/pages/UserManagement.tsx","true","/admin/users","46","34"
"client/src/pages/VendorBills.tsx","true","/plant/vendor-bills; /finance/vendor-bills","125","54"
"client/src/pages/VendorMaster.tsx","true","/masters/vendors","10","6"
"client/src/pages/WorkDemand.tsx","true","/work-program/:id/demand","48","30"
"client/src/pages/WorkProgramme.tsx","true","/work-program/:id/programme","78","55"
"client/src/pages/irn/IrnDetailPage.tsx","true","/irn/:id","35","24"
"client/src/pages/irn/IrnListPage.tsx","true","/irn","6","6"
"client/src/pages/irn/IrnRaisePage.tsx","true","/irn/new","15","11"
"client/src/pages/not-found.tsx","true","","0","0"