"page","gate"
"/work-program","BoqProjects, ""qto_boq"", ""work_programme"", ""work_programme_review"", ""planning_masters"""
"/work-program/planning-masters","PlanningMasters, ""planning_masters"""
"/work-program/:id","BoqProjectDetail, ""qto_boq"""
"/work-program/:id/settings","BoqProgramSettings, ""work_programme"""
"/work-program/:id/programme","WorkProgramme, ""work_programme"""
"/work-program/:id/demand","WorkDemand, ""work_programme_review"""
"/work-program/:id/earthwork","EarthworkControl, ""work_programme_review"""
"/work-program/:id/execution-arrangements","ExecutionArrangements, ""work_programme"""
"/work-program/:id/scope","ScopeSetup, ""project_scope"", ""qto_boq"", ""work_programme"", ""work_programme_review"", ""planning_masters"""
"/work-program/:id/geometry","RoadGeometry, ""planning_masters"""
"/work-program/:id/resource-review","ResourceReview, ""work_programme_review"""
"/work-program/:id/item-review","BoqItemReview, ""work_programme_review"""
"/norms","NormsLibrary, ""norms_library"""
"/edit-requests","EditRequestsPage, ""edit_requests_review"""