"file","line","guardsWhat","decision","currentLine","currentGuards"
"client/src/App.tsx","358","{WP_ENABLED && <Route path=""/work-program"" component={gated(BoqProjects, ""qto_boq"")} />}","Shared project picker: qto_boq OR programme OR review OR planning. Open chooses an accessible destination; BOQ actions remain BOQ-only.","",""
"client/src/App.tsx","360","{WP_ENABLED && <Route path=""/work-program/:id"" component={gated(BoqProjectDetail, ""qto_boq"")} />}","Retained BOQ detail page: original contract quantities/items/revisions.","",""
"client/src/App.tsx","366","{WP_ENABLED && <Route path=""/work-program/:id/scope"" component={gatedEither(ScopeSetup, ""project_scope"", ""qto_boq"")} />}","Retained additive BOQ scope View alongside project_scope and programme/planning consumers; scope mutations remain project_scope.","",""
"client/src/components/HubShell.tsx","123","sectionVisible(""qto_boq"") ||","Retained BOQ estimator discovery; unrelated programme permissions do not grant calculator access.","",""
"client/src/components/HubShell.tsx","136","...(WP_ENABLED && (sectionVisible(""qto_boq"") || isAdmin) ? [{ href: ""/work-program"", icon: FileSpreadsheet, label: ""Work Program & BOQ"", matchPrefix: ""/work-program"" }] : []),","Shared project picker: qto_boq OR programme OR review OR planning. Open chooses an accessible destination; BOQ actions remain BOQ-only.","",""
"client/src/components/HubShell.tsx","137","...(WP_ENABLED && (sectionVisible(""qto_boq"") || isAdmin) ? [{ href: ""/norms"", icon: BookOpen, label: ""Norms Library (SNL)"", matchPrefix: ""/norms"" }] : []),","Moved Norms navigation to norms_library.","",""
"client/src/pages/BoqProgramSettings.tsx","200","<DeleteGate sections={[""qto_boq""]}><button","Moved mix-link Delete to work_programme, matching Settings page and API.","",""
"client/src/pages/BoqProjectDetail.tsx","587","<DeleteGate sections={[""qto_boq""]}><button","Retained item/category Delete: original BOQ records belong to qto_boq; destination links are permission-aware.","",""
"client/src/pages/BoqProjectDetail.tsx","1571","<DeleteGate sections={[""qto_boq""]}><button","Retained item/category Delete: original BOQ records belong to qto_boq; destination links are permission-aware.","",""
"server/routes.ts","14837","PATCH /api/boq/projects/:id","Retained: BOQ project/item/category/revision contract ownership, not scheduling.","14836","assertEdit(req, res, ""qto_boq"")"
"server/routes.ts","15330","POST /api/boq/projects/:id/mix-links","Moved to destination owner: assertEdit(req, res, ""work_programme"")","15331","assertEdit(req, res, ""work_programme"")"
"server/routes.ts","15342","PUT /api/boq/projects/:id/mix-links","Moved to destination owner: assertEdit(req, res, ""work_programme"")","15343","assertEdit(req, res, ""work_programme"")"
"server/routes.ts","15356","DELETE /api/boq/projects/:id/mix-links/:linkId","Moved to destination owner: assertDelete(req, res, ""work_programme"")","15357","assertDelete(req, res, ""work_programme"")"
"server/routes.ts","15367","POST /api/boq/projects/:id/duplicate","Retained: BOQ project/item/category/revision contract ownership, not scheduling.","15368","assertEdit(req, res, ""qto_boq"")"
"server/routes.ts","15401","DELETE /api/boq/categories/:id","Retained: BOQ project/item/category/revision contract ownership, not scheduling.","15402","assertDelete(req, res, ""qto_boq"")"
"server/routes.ts","15489","PATCH /api/boq/items/:id","Retained: BOQ project/item/category/revision contract ownership, not scheduling.","15490","assertEdit(req, res, ""qto_boq"")"
"server/routes.ts","15513","POST /api/boq/projects/:id/auto-map-all","Retained: BOQ project/item/category/revision contract ownership, not scheduling.","15514","assertEdit(req, res, ""qto_boq"")"
"server/routes.ts","15556","PATCH /api/boq/items/:id/work-type","Moved to destination owner: assertEdit(req, res, ""work_programme_review"")","15557","assertEdit(req, res, ""work_programme_review"")"
"server/routes.ts","15572","PATCH /api/boq/items/:id/planning-include","Moved to destination owner: assertEdit(req, res, ""work_programme_review"")","15573","assertEdit(req, res, ""work_programme_review"")"
"server/routes.ts","15586","PATCH /api/boq/projects/:id/planning-include-bulk","Moved to destination owner: assertEdit(req, res, ""work_programme_review"")","15587","assertEdit(req, res, ""work_programme_review"")"
"server/routes.ts","15600","DELETE /api/boq/items/:id","Retained: BOQ project/item/category/revision contract ownership, not scheduling.","15601","assertDelete(req, res, ""qto_boq"")"
"server/routes.ts","15659","DELETE /api/boq/revisions/:id","Retained: BOQ project/item/category/revision contract ownership, not scheduling.","15660","assertDelete(req, res, ""qto_boq"")"
"server/routes.ts","18497","if (!assertAuthed(req, res) || !(write ? assertEdit(req, res, ""qto_boq"") : assertView(req, res, ""qto_boq""))) return false;","Retained BOQ estimator discovery; unrelated programme permissions do not grant calculator access.","",""
"server/routes.ts","18497","if (!assertAuthed(req, res) || !(write ? assertEdit(req, res, ""qto_boq"") : assertView(req, res, ""qto_boq""))) return false;","Retained BOQ estimator discovery; unrelated programme permissions do not grant calculator access.","",""
"server/routes.ts","18948","GET /api/earthwork-arrangements/:id/execution-evidence","Moved to destination owner: assertViewEither(req, res, ""work_programme"", ""work_programme_review"")","18962","assertViewEither(req, res, ""work_programme"", ""work_programme_review"")"
"server/routes.ts","19839","POST /api/earthwork-arrangements/:id/programme-allocations","Moved to destination owner: assertEdit(req, res, ""work_programme"")","19853","assertEdit(req, res, ""work_programme"")"
"server/routes.ts","19864","PATCH /api/earthwork-arrangements/:id/programme-allocations/:allocId","Moved to destination owner: assertEdit(req, res, ""work_programme"")","19878","assertEdit(req, res, ""work_programme"")"
"server/routes.ts","19943","POST /api/boq/projects/:id/earthwork-baselines","Moved to destination owner: assertEdit(req, res, ""work_programme_review"")","19959","assertEdit(req, res, ""work_programme_review"")"
"server/routes.ts","19984","POST /api/boq/projects/:id/earthwork-forecasts","Moved to destination owner: assertEdit(req, res, ""work_programme_review"")","20001","assertEdit(req, res, ""work_programme_review"")"
"server/routes.ts","20022","PATCH /api/earthwork-forecasts/:id","Moved to destination owner: assertEdit(req, res, ""work_programme_review"")","20039","assertEdit(req, res, ""work_programme_review"")"
"server/routes.ts","20049","PATCH /api/boq/items/:itemId/shoulder-class","Moved to destination owner: assertEdit(req, res, ""work_programme_review"")","20066","assertEdit(req, res, ""work_programme_review"")"
"server/routes.ts","20087","PATCH /api/boq/items/:itemId/bulk-classification","Moved to destination owner: assertEdit(req, res, ""work_programme_review"")","20104","assertEdit(req, res, ""work_programme_review"")"
"server/routes.ts","20441","POST /api/boq/projects/:id/auto-sequence","Moved to destination owner: assertEdit(req, res, ""work_programme"")","20460","assertEdit(req, res, ""work_programme"")"
"server/routes.ts","21167","POST /api/boq/projects/:id/parse-structure-schedule","Moved to destination owner: assertEdit(req, res, ""work_programme"")","21186","assertEdit(req, res, ""work_programme"")"
"server/routes.ts","21670","POST /api/boq/projects/:id/auto-sequence-structures","Moved to destination owner: assertEdit(req, res, ""work_programme"")","21689","assertEdit(req, res, ""work_programme"")"
"server/routes.ts","21699","POST /api/boq/projects/:id/import-structure","Moved to destination owner: assertEdit(req, res, ""work_programme"")","21718","assertEdit(req, res, ""work_programme"")"
"server/routes.ts","22010","POST /api/boq/projects/:id/programme/restore","Moved to destination owner: assertEdit(req, res, ""work_programme"")","22029","assertEdit(req, res, ""work_programme"")"
"server/routes.ts","22034","POST /api/boq/projects/:id/auto-build-recipes","Moved to destination owner: assertEdit(req, res, ""work_programme_review"")","22053","assertEdit(req, res, ""work_programme_review"")"
"shared/permissions.ts","96","""qto_boq"",","Retained catalogue/template/module membership: BOQ remains an independent section; no grants changed.","",""
"shared/permissions.ts","361","""qto_boq"",","Retained catalogue/template/module membership: BOQ remains an independent section; no grants changed.","",""
"shared/permissions.ts","375","""qto_boq"", ""project_scope"",","Retained catalogue/template/module membership: BOQ remains an independent section; no grants changed.","",""
"shared/permissions.ts","380","[""qto_boq"", ""project_scope""],","Retained catalogue/template/module membership: BOQ remains an independent section; no grants changed.","",""
"shared/permissions.ts","436","""qto_boq"",","Retained catalogue/template/module membership: BOQ remains an independent section; no grants changed.","",""
"shared/permissions.ts","452","""qto_boq"", ""project_scope"",","Retained catalogue/template/module membership: BOQ remains an independent section; no grants changed.","",""
"shared/permissions.ts","598","sections: [""estimator_portal"", ""mix_calculator"", ""concrete_calculator"", ""qto_boq"", ""planning_masters"", ""work_programme"", ""work_programme_review"", ""norms_library"", ""project_scope"", ""rate_cards""],","Retained catalogue/template/module membership: BOQ remains an independent section; no grants changed.","",""