"file","line","source"
"client/src/App.tsx","358","{WP_ENABLED && <Route path=""/work-program"" component={gatedEither(BoqProjects, ""qto_boq"", ""work_programme"", ""work_programme_review"", ""planning_masters"")} />}"
"client/src/App.tsx","360","{WP_ENABLED && <Route path=""/work-program/:id"" component={gated(BoqProjectDetail, ""qto_boq"")} />}"
"client/src/App.tsx","366","{WP_ENABLED && <Route path=""/work-program/:id/scope"" component={gatedEither(ScopeSetup, ""project_scope"", ""qto_boq"", ""work_programme"", ""work_programme_review"", ""planning_masters"")} />}"
"client/src/components/HubShell.tsx","123","sectionVisible(""qto_boq"") ||"
"client/src/components/HubShell.tsx","136","...(WP_ENABLED && (sectionVisible(""qto_boq"") || sectionVisible(""work_programme"") || sectionVisible(""work_programme_review"") || sectionVisible(""planning_masters"") || isAdmin) ? [{ href: ""/work-program"", icon: FileSpreadsheet, label: ""Work Program & BOQ"", matchPrefix: ""/work-program"" }] : []),"
"client/src/pages/BoqProjectDetail.tsx","588","<DeleteGate sections={[""qto_boq""]}><button"
"client/src/pages/BoqProjectDetail.tsx","1572","<DeleteGate sections={[""qto_boq""]}><button"
"client/src/pages/BoqProjects.tsx","319","const destination = sectionCan(""qto_boq"", ""view"") ? `/work-program/${project.id}`"
"client/src/pages/BoqProjects.tsx","386","{sectionCan(""qto_boq"", ""edit"") && <><Button"
"client/src/pages/BoqProjects.tsx","505","{sectionCan(""qto_boq"", ""edit"") && <Button"
"server/routes.ts","14838","if (!assertEdit(req, res, ""qto_boq"")) return;"
"server/routes.ts","15370","if (!assertEdit(req, res, ""qto_boq"")) return;"
"server/routes.ts","15404","if (!assertDelete(req, res, ""qto_boq"")) return;"
"server/routes.ts","15492","if (!assertEdit(req, res, ""qto_boq"")) return;"
"server/routes.ts","15516","if (!assertEdit(req, res, ""qto_boq"")) return;"
"server/routes.ts","15603","if (!assertDelete(req, res, ""qto_boq"")) return;"
"server/routes.ts","15662","if (!assertDelete(req, res, ""qto_boq"")) return;"
"server/routes.ts","16040","if (!assertViewEither(req, res, ""qto_boq"", ""work_programme"", ""work_programme_review"")) return;"
"server/routes.ts","22317","if (!assertViewEither(req, res, ""norms_library"", ""qto_boq"", ""work_programme_review"")) return;"
"server/routes.ts","22326","if (!assertViewEither(req, res, ""norms_library"", ""qto_boq"", ""work_programme_review"")) return;"
"server/routes.ts","22337","if (!assertViewEither(req, res, ""norms_library"", ""qto_boq"", ""work_programme_review"")) return;"
"server/routes.ts","22363","if (!assertViewEither(req, res, ""norms_library"", ""qto_boq"", ""work_programme_review"")) return;"
"server/routes.ts","22374","if (!assertViewEither(req, res, ""norms_library"", ""qto_boq"", ""work_programme_review"")) return;"
"server/routes.ts","22402","if (!assertViewEither(req, res, ""norms_library"", ""qto_boq"", ""work_programme_review"")) return;"
"shared/permissions.ts","96","""qto_boq"","
"shared/permissions.ts","361","""qto_boq"","
"shared/permissions.ts","375","""qto_boq"", ""project_scope"","
"shared/permissions.ts","380","[""qto_boq"", ""project_scope""],"
"shared/permissions.ts","436","""qto_boq"","
"shared/permissions.ts","452","""qto_boq"", ""project_scope"","
"shared/permissions.ts","598","sections: [""estimator_portal"", ""mix_calculator"", ""concrete_calculator"", ""qto_boq"", ""planning_masters"", ""work_programme"", ""work_programme_review"", ""norms_library"", ""project_scope"", ""rate_cards""],"
"client/src/components/ProgrammeLink.tsx","11","if (path === ""/work-program"") return [""qto_boq"", ""work_programme"", ""work_programme_review"", ""planning_masters""];"
"client/src/components/ProgrammeLink.tsx","16","if (/^\/work-program\/[^/]+\/scope$/.test(path)) return [""project_scope"", ""qto_boq"", ""work_programme"", ""work_programme_review"", ""planning_masters""];"
"client/src/components/ProgrammeLink.tsx","17","if (/^\/work-program\/[^/]+$/.test(path)) return [""qto_boq""];"