"id","date","party_id","material_id","transaction_type","reference_id","quantity_in","quantity_out","balance_after","uom","notes","created_at","tank_number"
"201","2026-02-03","1","9","receipt","34","8000","0","8000","Liters","From ITCC","2026-02-06T10:35:12.75846",
"216","2026-02-04","1","9","issue","21","0","8","7992","Liters","Issue to BASAVAKALYAN-DTPL SITE - SITE TOOLS CLEANING","2026-02-06T12:53:56.542989",
"263144","2026-02-04","1","9","dispatch","2","0","300.5","7691.5","Liters","SEKURA-DTPL-BASAVA — HIGH LANE CONSTRUCTIONS [backfilled]","2026-10-06T03:10:02.245144","1"
"263152","2026-02-04","1","9","dispatch","5","0","195.91","7495.59","Liters","SEKURA-DTPL-BASAVA — HIGH LANE CONSTRUCTIONS [backfilled]","2026-10-06T03:10:03.645797","1"
"263170","2026-02-04","1","9","dispatch","6","0","201.1875","7294.4025","Liters","SEKURA-DTPL-BASAVA — HIGH LANE CONSTRUCTIONS [backfilled]","2026-10-06T03:10:10.346072","1"
"263176","2026-02-04","1","9","dispatch","4","0","195","7099.4025","Liters","SEKURA-DTPL-BASAVA — HIGH LANE CONSTRUCTIONS [backfilled]","2026-10-06T03:10:12.054929","1"
"263181","2026-02-04","1","9","dispatch","1","0","222.04","6877.3625","Liters","SEKURA-DTPL-BASAVA — HIGH LANE CONSTRUCTIONS [backfilled]","2026-10-06T03:10:13.344985","1"
"263187","2026-02-04","1","9","dispatch","3","0","213.25626","6664.10624","Liters","SEKURA-DTPL-BASAVA — HIGH LANE CONSTRUCTIONS [backfilled]","2026-10-06T03:10:14.745843","1"
"263133","2026-02-05","1","9","dispatch","11","0","168.66","6495.44624","Liters","SEKURA-DTPL-BASAVA — HIGH LANE CONSTRUCTIONS [backfilled]","2026-10-06T03:09:59.145478","1"
"263140","2026-02-05","1","9","dispatch","12","0","167.586","6327.86024","Liters","SEKURA-DTPL-BASAVA — HIGH LANE CONSTRUCTIONS [backfilled]","2026-10-06T03:10:01.04632","1"
"263141","2026-02-05","1","9","dispatch","10","0","168.3","6159.56024","Liters","SEKURA-DTPL-BASAVA — HIGH LANE CONSTRUCTIONS [backfilled]","2026-10-06T03:10:01.345831","1"
"263161","2026-02-05","1","9","dispatch","8","0","213.375","5946.18524","Liters","SEKURA-DTPL-BASAVA — HIGH LANE CONSTRUCTIONS [backfilled]","2026-10-06T03:10:05.345263","1"
"263192","2026-02-05","1","9","dispatch","9","0","252.6","5693.58524","Liters","SEKURA-DTPL-BASAVA — HIGH LANE CONSTRUCTIONS [backfilled]","2026-10-06T03:10:15.44606","1"
"263193","2026-02-05","1","9","dispatch","7","0","200.625","5492.96024","Liters","SEKURA-DTPL-BASAVA — HIGH LANE CONSTRUCTIONS [backfilled]","2026-10-06T03:10:15.546517","1"
"263135","2026-02-13","1","9","dispatch","17","0","210","5282.96024","Liters","BITUMINOUS CONCRETE — HIGH LANE CONSTRUCTIONS [backfilled]","2026-10-06T03:09:59.645024","1"
"263147","2026-02-13","1","9","dispatch","15","0","192","5090.96024","Liters","BITUMINOUS CONCRETE — HIGH LANE CONSTRUCTIONS [backfilled]","2026-10-06T03:10:02.645847","1"
"263150","2026-02-13","1","9","dispatch","13","0","288","4802.96024","Liters","BITUMINOUS CONCRETE — HIGH LANE CONSTRUCTIONS [backfilled]","2026-10-06T03:10:03.34589","1"
"263173","2026-02-13","1","9","dispatch","16","0","204","4598.96024","Liters","BITUMINOUS CONCRETE — HIGH LANE CONSTRUCTIONS [backfilled]","2026-10-06T03:10:11.046572","1"
"263189","2026-02-13","1","9","dispatch","14","0","204","4394.96024","Liters","BITUMINOUS CONCRETE — HIGH LANE CONSTRUCTIONS [backfilled]","2026-10-06T03:10:15.046311","1"
"263142","2026-02-14","1","9","dispatch","18","0","173.34","4221.62024","Liters","BITUMINOUS CONCRETE — HIGH LANE CONSTRUCTIONS [backfilled]","2026-10-06T03:10:01.545884","1"
"263153","2026-02-14","1","9","dispatch","19","0","173.34","4048.28024","Liters","BITUMINOUS CONCRETE — HIGH LANE CONSTRUCTIONS [backfilled]","2026-10-06T03:10:03.845815","1"
"26749","2026-02-27","1","9","receipt","58","1200","0","5248.28024","Liters","From ITCCL","2026-05-13T02:32:04.111733","1"
"263129","2026-03-01","1","9","dispatch","20","0","210","5038.28024","Liters","SEKURA-DTPL-BASAVA — HIGH LANE CONSTRUCTIONS [backfilled]","2026-10-06T03:09:57.745333","1"
"263130","2026-03-01","1","9","dispatch","25","0","201.9","4836.38024","Liters","SEKURA-DTPL-BASAVA — HIGH LANE CONSTRUCTIONS [backfilled]","2026-10-06T03:09:58.245235","1"
"263131","2026-03-01","1","9","dispatch","26","0","299.13","4537.25024","Liters","SEKURA-DTPL-BASAVA — HIGH LANE CONSTRUCTIONS [backfilled]","2026-10-06T03:09:58.745239","1"
"263151","2026-03-01","1","9","dispatch","21","0","231.2","4306.05024","Liters","SEKURA-DTPL-BASAVA — HIGH LANE CONSTRUCTIONS [backfilled]","2026-10-06T03:10:03.545174","1"
"263158","2026-03-01","1","9","dispatch","24","0","228.82","4077.23024","Liters","SEKURA-DTPL-BASAVA — HIGH LANE CONSTRUCTIONS [backfilled]","2026-10-06T03:10:04.745931","1"
"263178","2026-03-01","1","9","dispatch","23","0","289.51","3787.72024","Liters","SEKURA-DTPL-BASAVA — HIGH LANE CONSTRUCTIONS [backfilled]","2026-10-06T03:10:12.345851","1"
"263183","2026-03-01","1","9","dispatch","22","0","229.636","3558.08424","Liters","SEKURA-DTPL-BASAVA — HIGH LANE CONSTRUCTIONS [backfilled]","2026-10-06T03:10:13.845468","1"
"263132","2026-03-02","1","9","dispatch","27","0","312.585","3245.49924","Liters","SEKURA-DTPL-BASAVA — HIGH LANE CONSTRUCTIONS [backfilled]","2026-10-06T03:09:58.846061","1"
"263163","2026-03-02","1","9","dispatch","28","0","209.46","3036.03924","Liters","SEKURA-DTPL-BASAVA — HIGH LANE CONSTRUCTIONS [backfilled]","2026-10-06T03:10:05.745879","1"
"263171","2026-03-02","1","9","dispatch","29","0","197.94","2838.09924","Liters","SEKURA-DTPL-BASAVA — HIGH LANE CONSTRUCTIONS [backfilled]","2026-10-06T03:10:10.654281","1"
"17991","2026-03-15","1","9","adjustment",,"0","2760.45","77.64924","Liters","Physical stock correction by admin. Dead stock in tanks","2026-04-21T04:08:08.748308",
"17992","2026-03-15","1","9","adjustment",,"0.6678","0","78.31704","Liters","Physical stock correction by admin. LDO dip reconciliation — T1: 373 L, T2: 422 L (HIGH LANE CONSTRUCTIONS)","2026-04-21T04:09:02.509377",
"32743","2026-04-16","6","9","receipt","70","6000","0","6000","Liters","From ITCC","2026-05-27T10:08:38.361451","1"
"263136","2026-04-19","6","9","dispatch","33","0","187.5","5812.5","Liters","LAXMI CONSTRUCTIONS - VENKAT REDDY — VATPALLY LAXMI NARASIMHA CONSTUCTIONS-VENKAT REDDY [backfilled]","2026-10-06T03:09:59.746235","1"
"263138","2026-04-19","6","9","dispatch","31","0","180","5632.5","Liters","LAXMI CONSTRUCTIONS - VENKAT REDDY — VATPALLY LAXMI NARASIMHA CONSTUCTIONS-VENKAT REDDY [backfilled]","2026-10-06T03:10:00.845195","1"
"263157","2026-04-19","6","9","dispatch","32","0","187.5","5445","Liters","LAXMI CONSTRUCTIONS - VENKAT REDDY — VATPALLY LAXMI NARASIMHA CONSTUCTIONS-VENKAT REDDY [backfilled]","2026-10-06T03:10:04.544873","1"
"263164","2026-04-19","6","9","dispatch","30","0","187.5","5257.5","Liters","LAXMI CONSTRUCTIONS - VENKAT REDDY — VATPALLY LAXMI NARASIMHA CONSTUCTIONS-VENKAT REDDY [backfilled]","2026-10-06T03:10:06.345381","1"
"263134","2026-04-20","6","9","dispatch","39","0","137.5","5120","Liters","LAXMI CONSTRUCTIONS - VENKAT REDDY — VATPALLY LAXMI NARASIMHA CONSTUCTIONS-VENKAT REDDY [backfilled]","2026-10-06T03:09:59.345614","1"
"263139","2026-04-21","6","9","dispatch","34","0","262.5","4857.5","Liters","LAXMI CONSTRUCTIONS - VENKAT REDDY — VATPALLY LAXMI NARASIMHA CONSTUCTIONS-VENKAT REDDY [backfilled]","2026-10-06T03:10:00.945979","1"
"263156","2026-04-21","6","9","dispatch","37","0","187.5","4670","Liters","LAXMI CONSTRUCTIONS - VENKAT REDDY — VATPALLY LAXMI NARASIMHA CONSTUCTIONS-VENKAT REDDY [backfilled]","2026-10-06T03:10:04.245911","1"
"263160","2026-04-21","6","9","dispatch","38","0","187.5","4482.5","Liters","LAXMI CONSTRUCTIONS - VENKAT REDDY — VATPALLY LAXMI NARASIMHA CONSTUCTIONS-VENKAT REDDY [backfilled]","2026-10-06T03:10:04.946687","1"
"263175","2026-04-21","6","9","dispatch","36","0","259.375","4223.125","Liters","LAXMI CONSTRUCTIONS - VENKAT REDDY — VATPALLY LAXMI NARASIMHA CONSTUCTIONS-VENKAT REDDY [backfilled]","2026-10-06T03:10:11.645675","1"
"263190","2026-04-21","6","9","dispatch","35","0","262.5","3960.625","Liters","LAXMI CONSTRUCTIONS - VENKAT REDDY — VATPALLY LAXMI NARASIMHA CONSTUCTIONS-VENKAT REDDY [backfilled]","2026-10-06T03:10:15.147105","1"
"26303","2026-04-27","1","9","receipt","106","2000","0","2078.31704","Liters","From ITCC","2026-05-11T13:46:54.00051",
"263148","2026-04-27","6","9","dispatch","40","0","234.375","3726.25","Liters","LAXMI CONSTRUCTIONS - VENKAT REDDY — VATPALLY LAXMI NARASIMHA CONSTUCTIONS-VENKAT REDDY [backfilled]","2026-10-06T03:10:02.946573","1"
"263168","2026-04-27","6","9","dispatch","42","0","212.5","3513.75","Liters","LAXMI CONSTRUCTIONS - VENKAT REDDY — VATPALLY LAXMI NARASIMHA CONSTUCTIONS-VENKAT REDDY [backfilled]","2026-10-06T03:10:09.345209","1"
"263172","2026-04-27","6","9","dispatch","41","0","275","3238.75","Liters","LAXMI CONSTRUCTIONS - VENKAT REDDY — VATPALLY LAXMI NARASIMHA CONSTUCTIONS-VENKAT REDDY [backfilled]","2026-10-06T03:10:10.945053","1"
"263179","2026-04-27","6","9","dispatch","44","0","275","2963.75","Liters","LAXMI CONSTRUCTIONS - VENKAT REDDY — VATPALLY LAXMI NARASIMHA CONSTUCTIONS-VENKAT REDDY [backfilled]","2026-10-06T03:10:12.446261","1"
"263186","2026-04-27","6","9","dispatch","43","0","212.5","2751.25","Liters","LAXMI CONSTRUCTIONS - VENKAT REDDY — VATPALLY LAXMI NARASIMHA CONSTUCTIONS-VENKAT REDDY [backfilled]","2026-10-06T03:10:14.546095","1"
"263145","2026-04-28","6","9","dispatch","47","0","200","2551.25","Liters","LAXMI CONSTRUCTIONS - VENKAT REDDY — VATPALLY LAXMI NARASIMHA CONSTUCTIONS-VENKAT REDDY [backfilled]","2026-10-06T03:10:02.346111","1"
"263146","2026-04-28","6","9","dispatch","46","0","200","2351.25","Liters","LAXMI CONSTRUCTIONS - VENKAT REDDY — VATPALLY LAXMI NARASIMHA CONSTUCTIONS-VENKAT REDDY [backfilled]","2026-10-06T03:10:02.545024","1"
"263155","2026-04-28","6","9","dispatch","52","0","275","2076.25","Liters","LAXMI CONSTRUCTIONS - VENKAT REDDY — VATPALLY LAXMI NARASIMHA CONSTUCTIONS-VENKAT REDDY [backfilled]","2026-10-06T03:10:04.146409","1"
"263162","2026-04-28","6","9","dispatch","48","0","262.5","1813.75","Liters","LAXMI CONSTRUCTIONS - VENKAT REDDY — VATPALLY LAXMI NARASIMHA CONSTUCTIONS-VENKAT REDDY [backfilled]","2026-10-06T03:10:05.645005","1"
"263166","2026-04-28","6","9","dispatch","50","0","187.5","1626.25","Liters","LAXMI CONSTRUCTIONS - VENKAT REDDY — VATPALLY LAXMI NARASIMHA CONSTUCTIONS-VENKAT REDDY [backfilled]","2026-10-06T03:10:06.946046","1"
"263167","2026-04-28","6","9","dispatch","51","0","262.5","1363.75","Liters","LAXMI CONSTRUCTIONS - VENKAT REDDY — VATPALLY LAXMI NARASIMHA CONSTUCTIONS-VENKAT REDDY [backfilled]","2026-10-06T03:10:08.344731","1"
"263182","2026-04-28","6","9","dispatch","49","0","275","1088.75","Liters","LAXMI CONSTRUCTIONS - VENKAT REDDY — VATPALLY LAXMI NARASIMHA CONSTUCTIONS-VENKAT REDDY [backfilled]","2026-10-06T03:10:13.446311","1"
"263184","2026-04-28","6","9","dispatch","45","0","300","788.75","Liters","LAXMI CONSTRUCTIONS - VENKAT REDDY — VATPALLY LAXMI NARASIMHA CONSTUCTIONS-VENKAT REDDY [backfilled]","2026-10-06T03:10:14.046497","1"
"263137","2026-04-29","6","9","dispatch","57","0","262.5","526.25","Liters","LAXMI CONSTRUCTIONS - VENKAT REDDY — VATPALLY LAXMI NARASIMHA CONSTUCTIONS-VENKAT REDDY [backfilled]","2026-10-06T03:10:00.345878","1"
"263149","2026-04-29","6","9","dispatch","56","0","200","326.25","Liters","LAXMI CONSTRUCTIONS - VENKAT REDDY — VATPALLY LAXMI NARASIMHA CONSTUCTIONS-VENKAT REDDY [backfilled]","2026-10-06T03:10:03.145956","1"
"263159","2026-04-29","6","9","dispatch","55","0","187.5","138.75","Liters","LAXMI CONSTRUCTIONS - VENKAT REDDY — VATPALLY LAXMI NARASIMHA CONSTUCTIONS-VENKAT REDDY [backfilled]","2026-10-06T03:10:04.845741","1"
"263174","2026-04-29","6","9","dispatch","54","0","275","-136.25","Liters","LAXMI CONSTRUCTIONS - VENKAT REDDY — VATPALLY LAXMI NARASIMHA CONSTUCTIONS-VENKAT REDDY [backfilled]","2026-10-06T03:10:11.34495","1"
"263177","2026-04-29","6","9","dispatch","53","0","287.5","-423.75","Liters","LAXMI CONSTRUCTIONS - VENKAT REDDY — VATPALLY LAXMI NARASIMHA CONSTUCTIONS-VENKAT REDDY [backfilled]","2026-10-06T03:10:12.147053","1"
"263126","2026-05-08","6","9","ldo_dip_consumption","46","0","435","-858.75","Liters","[LDO_DIP_CONS:T1:2026-05-08:Main Plant] Opening: 932L, Closing: 497L","2026-10-06T03:09:47.045593","1"
"263127","2026-05-09","6","9","ldo_dip_consumption","81","0","890","-1748.75","Liters","[LDO_DIP_CONS:T1:2026-05-09:Main Plant] Opening: 1263L, Closing: 373L","2026-10-06T03:09:47.045593","1"
"263165","2026-05-09","1","9","dispatch","62","0","275","1803.31704","Liters","KANGTI - MURTHY — HIGH LANE CONSTRUCTIONS [backfilled]","2026-10-06T03:10:06.546393","1"
"263169","2026-05-09","1","9","dispatch","59","0","275","1528.31704","Liters","KANGTI - MURTHY — HIGH LANE CONSTRUCTIONS [backfilled]","2026-10-06T03:10:10.045188","1"
"263180","2026-05-09","1","9","dispatch","58","0","84","1444.31704","Liters","SECURA LOCAL — HIGH LANE CONSTRUCTIONS [backfilled]","2026-10-06T03:10:12.745561","1"
"263185","2026-05-09","1","9","dispatch","60","0","200","1244.31704","Liters","KANGTI - MURTHY — HIGH LANE CONSTRUCTIONS [backfilled]","2026-10-06T03:10:14.34541","1"
"263188","2026-05-09","1","9","dispatch","61","0","262.5","981.81704","Liters","KANGTI - MURTHY — HIGH LANE CONSTRUCTIONS [backfilled]","2026-10-06T03:10:14.945845","1"
"263128","2026-05-11","6","9","ldo_dip_consumption","93","0","662.37","-2411.12","Liters","[LDO_DIP_CONS:T1:2026-05-11:Main Plant] Opening: 1035L, Closing: 373L","2026-10-06T03:09:47.045593","1"
"263143","2026-05-11","1","9","dispatch","64","0","240","741.81704","Liters","KANGTI MURTHY BC — HIGH LANE CONSTRUCTIONS [backfilled]","2026-10-06T03:10:01.945277","1"
"263154","2026-05-11","1","9","dispatch","65","0","276","465.81704","Liters","KANGTI MURTHY BC — HIGH LANE CONSTRUCTIONS [backfilled]","2026-10-06T03:10:03.945861","1"
"263191","2026-05-11","1","9","dispatch","63","0","222","243.81704","Liters","KANGTI MURTHY BC — HIGH LANE CONSTRUCTIONS [backfilled]","2026-10-06T03:10:15.3464","1"
"32467","2026-05-27","1","9","physical_correction",,"0","6027.22","-5783.40296","Liters","Physical stock correction — dip total 418 L (book was 6445 L, gap 6027 L). Posted automatically on startup.","2026-05-27T04:17:43.449315",
"133176","2026-08-07","1","9","adjustment","1","5783.40296","0","0","Liters","PSR-0001 | Material exhausted and financially settled | posted by Sunil kumar","2026-08-07T09:13:00.555469",
"133177","2026-08-07","6","9","adjustment","1","2411.12","0","0","Liters","PSR-0001 | Material exhausted and financially settled | posted by Sunil kumar","2026-08-07T09:13:00.555469",
