group,method,route,description,proposed_section,proposed_action,disposition,proposal_status,body_unchanged,catalogue_key
Destructive deletes,DELETE,/api/site-material-trips/:id,Delete site material trip.,site_materials,delete,Potentially delegable after record/site restrictions and reversal rules are reviewed; unchanged now.,Inventory proposal only; not an authorization change,TRUE,TRUE
Destructive deletes,DELETE,/api/sites/:id,Delete site.,sites_plants_manage,delete,Potentially delegable after record/site restrictions and reversal rules are reviewed; unchanged now.,Inventory proposal only; not an authorization change,TRUE,TRUE
Destructive deletes,DELETE,/api/personnel/:id,Has personnel usage history.,master_personnel,delete,Potentially delegable after record/site restrictions and reversal rules are reviewed; unchanged now.,Inventory proposal only; not an authorization change,TRUE,TRUE
Destructive deletes,DELETE,/api/notifications/:id,Delete notification.,admin_notifications_manage,delete,Potentially delegable after record/site restrictions and reversal rules are reviewed; unchanged now.,Inventory proposal only; not an authorization change,TRUE,TRUE
User and device management,POST,/api/admin/change-pin,Set setting.,user_management,edit,Potentially delegable with a narrow section/action and existing record restrictions; unchanged now.,Inventory proposal only; not an authorization change,TRUE,TRUE
User and device management,POST,/api/admin/change-manager-pin,Set setting.,user_management,edit,Potentially delegable with a narrow section/action and existing record restrictions; unchanged now.,Inventory proposal only; not an authorization change,TRUE,TRUE
Other,POST,/api/admin/ldo-received-by,Set setting.,admin_ldo_tools,edit,Potentially delegable with a narrow section/action and existing record restrictions; unchanged now.,Inventory proposal only; not an authorization change,TRUE,TRUE
Other,GET,/api/admin/operator-manual.pdf,Read admin operator manual.pdf.,admin_settings,export,Potentially delegable with a narrow section/action and existing record restrictions; unchanged now.,Inventory proposal only; not an authorization change,TRUE,TRUE
Destructive deletes,DELETE,/api/dprs/:id,Delete dpr.,site_dprs,delete,Potentially delegable after record/site restrictions and reversal rules are reviewed; unchanged now.,Inventory proposal only; not an authorization change,TRUE,TRUE
Destructive deletes,DELETE,/api/plant/:id,Delete plant report.,sites_plants_manage,delete,Potentially delegable after record/site restrictions and reversal rules are reviewed; unchanged now.,Inventory proposal only; not an authorization change,TRUE,TRUE
Destructive deletes,DELETE,/api/plant-module/parties/:id,Delete party.,master_parties,delete,Potentially delegable after record/site restrictions and reversal rules are reviewed; unchanged now.,Inventory proposal only; not an authorization change,TRUE,TRUE
Destructive deletes,DELETE,/api/plant-module/materials/:id,Delete plant material.,master_materials,delete,Potentially delegable after record/site restrictions and reversal rules are reviewed; unchanged now.,Inventory proposal only; not an authorization change,TRUE,TRUE
Destructive deletes,DELETE,/api/plant-module/mix-types/:id,Delete mix type.,master_materials,delete,Potentially delegable after record/site restrictions and reversal rules are reviewed; unchanged now.,Inventory proposal only; not an authorization change,TRUE,TRUE
Destructive deletes,DELETE,/api/plant-module/mix-templates/:id,Delete mix template.,master_materials,delete,Potentially delegable after record/site restrictions and reversal rules are reviewed; unchanged now.,Inventory proposal only; not an authorization change,TRUE,TRUE
Ledger rebuild/reassign/transfer,POST,/api/plant-module/mix-templates/:id/rebuild-ledger,Rebuild dispatch ledger for template.,admin_ledger_tools,edit,Keep owner-only: cross-record repair/import needs a separately reviewed operational procedure.,Inventory proposal only; not an authorization change,TRUE,TRUE
Destructive deletes,DELETE,/api/plant-module/equipment/:id,Has equipment usage history.,master_equipment,delete,Potentially delegable after record/site restrictions and reversal rules are reviewed; unchanged now.,Inventory proposal only; not an authorization change,TRUE,TRUE
Destructive deletes,DELETE,/api/plant-module/material-receipts/:id,Delete material receipt.,plant_materials,delete,Potentially delegable after record/site restrictions and reversal rules are reviewed; unchanged now.,Inventory proposal only; not an authorization change,TRUE,TRUE
Destructive deletes,DELETE,/api/plant-module/material-issues/:id,Delete material issue.,plant_materials,delete,Potentially delegable after record/site restrictions and reversal rules are reviewed; unchanged now.,Inventory proposal only; not an authorization change,TRUE,TRUE
Destructive deletes,DELETE,/api/plant-module/material-returns/:id,Delete material return.,plant_materials,delete,Potentially delegable after record/site restrictions and reversal rules are reviewed; unchanged now.,Inventory proposal only; not an authorization change,TRUE,TRUE
Destructive deletes,DELETE,/api/plant-module/opening-stocks/:id,Delete material opening stock.,admin_ledger_tools,delete,Potentially delegable after record/site restrictions and reversal rules are reviewed; unchanged now.,Inventory proposal only; not an authorization change,TRUE,TRUE
Destructive deletes,DELETE,/api/plant-module/dispatches/:id,Delete truck dispatch.,plant_production,delete,Potentially delegable after record/site restrictions and reversal rules are reviewed; unchanged now.,Inventory proposal only; not an authorization change,TRUE,TRUE
Other,POST,/api/plant-module/dispatches/recalculate-all,Recalculate all dispatch consumption.,plant_production,edit,Potentially delegable with a narrow section/action and existing record restrictions; unchanged now.,Inventory proposal only; not an authorization change,TRUE,TRUE
Other,POST,/api/reports/equipment-performance/logs/:id/confirm,Confirm equipment performance log.,equipment_performance_report,edit,Potentially delegable with a narrow section/action and existing record restrictions; unchanged now.,Inventory proposal only; not an authorization change,TRUE,TRUE
Destructive deletes,DELETE,/api/plant-module/equipment-usage/:id,Delete equipment usage.,plant_equipment,delete,Potentially delegable after record/site restrictions and reversal rules are reviewed; unchanged now.,Inventory proposal only; not an authorization change,TRUE,TRUE
Reconcile,POST,/api/plant-module/stock-correction,Post stock correction.,admin_ledger_tools,edit,Potentially delegable with a narrow section/action and existing record restrictions; unchanged now.,Inventory proposal only; not an authorization change,TRUE,TRUE
Reconcile,POST,/api/plant-module/reconcile-stock-balances,Reconcile stock balances from ledger.,admin_ledger_tools,edit,Potentially delegable with a narrow section/action and existing record restrictions; unchanged now.,Inventory proposal only; not an authorization change,TRUE,TRUE
Reconcile,POST,/api/plant-module/reconcile-equipment-usage-ledger,Reconcile equipment usage ledger.,admin_ledger_tools,edit,Potentially delegable with a narrow section/action and existing record restrictions; unchanged now.,Inventory proposal only; not an authorization change,TRUE,TRUE
Ledger rebuild/reassign/transfer,POST,/api/plant-module/reassign-ledger/preview,Preview ledger for reassignment.,admin_ledger_tools,view,Keep owner-only: cross-record repair/import needs a separately reviewed operational procedure.,Inventory proposal only; not an authorization change,TRUE,TRUE
Ledger rebuild/reassign/transfer,POST,/api/plant-module/reassign-ledger/execute,Execute ledger reassignment.,admin_ledger_tools,edit,Keep owner-only: cross-record repair/import needs a separately reviewed operational procedure.,Inventory proposal only; not an authorization change,TRUE,TRUE
Ledger rebuild/reassign/transfer,POST,/api/plant-module/recompute-balance-after,Recompute balance after for material.,admin_ledger_tools,edit,Keep owner-only: cross-record repair/import needs a separately reviewed operational procedure.,Inventory proposal only; not an authorization change,TRUE,TRUE
Masters management,POST,/api/plant-module/shift-log-manpower/review-list,Run plant module shift log manpower review list.,master_personnel,view,Potentially delegable with a narrow section/action and existing record restrictions; unchanged now.,Inventory proposal only; not an authorization change,TRUE,TRUE
Masters management,POST,/api/plant-module/shift-log-manpower/bulk-relabel,Bulk relabel shift log manpower by name.,master_personnel,edit,Potentially delegable with a narrow section/action and existing record restrictions; unchanged now.,Inventory proposal only; not an authorization change,TRUE,TRUE
Masters management,POST,/api/plant-module/shift-log-manpower/recent-merges,Run plant module shift log manpower recent merges.,master_personnel,edit,Potentially delegable with a narrow section/action and existing record restrictions; unchanged now.,Inventory proposal only; not an authorization change,TRUE,TRUE
Masters management,POST,/api/plant-module/shift-log-manpower/undo-merge,Undo shift log manpower relabel batch.,master_personnel,edit,Potentially delegable with a narrow section/action and existing record restrictions; unchanged now.,Inventory proposal only; not an authorization change,TRUE,TRUE
Masters management,POST,/api/plant-module/shift-log-manpower/learned-aliases,Run plant module shift log manpower learned aliases.,master_personnel,edit,Potentially delegable with a narrow section/action and existing record restrictions; unchanged now.,Inventory proposal only; not an authorization change,TRUE,TRUE
Masters management,POST,/api/plant-module/shift-log-manpower/custom-aliases,Run plant module shift log manpower custom aliases.,master_personnel,edit,Potentially delegable with a narrow section/action and existing record restrictions; unchanged now.,Inventory proposal only; not an authorization change,TRUE,TRUE
Masters management,POST,/api/plant-module/shift-log-manpower/add-custom-alias,Add shift log manpower custom alias.,master_personnel,edit,Potentially delegable with a narrow section/action and existing record restrictions; unchanged now.,Inventory proposal only; not an authorization change,TRUE,TRUE
Masters management,POST,/api/plant-module/shift-log-manpower/delete-custom-alias,Delete shift log manpower custom alias.,master_personnel,delete,Potentially delegable with a narrow section/action and existing record restrictions; unchanged now.,Inventory proposal only; not an authorization change,TRUE,TRUE
Masters management,POST,/api/plant-module/shift-log-manpower/bulk-revert-alias-activity,Bulk revert shift log manpower alias activities.,master_personnel,edit,Potentially delegable with a narrow section/action and existing record restrictions; unchanged now.,Inventory proposal only; not an authorization change,TRUE,TRUE
Masters management,POST,/api/plant-module/shift-log-manpower/dismissed-pairs,Run plant module shift log manpower dismissed pairs.,master_personnel,edit,Potentially delegable with a narrow section/action and existing record restrictions; unchanged now.,Inventory proposal only; not an authorization change,TRUE,TRUE
Masters management,POST,/api/plant-module/shift-log-manpower/dismiss-pairs,Add shift log manpower dismissed duplicate pairs.,master_personnel,edit,Potentially delegable with a narrow section/action and existing record restrictions; unchanged now.,Inventory proposal only; not an authorization change,TRUE,TRUE
Masters management,POST,/api/plant-module/shift-log-manpower/restore-dismissed-pair,Remove shift log manpower dismissed duplicate pair.,master_personnel,edit,Potentially delegable with a narrow section/action and existing record restrictions; unchanged now.,Inventory proposal only; not an authorization change,TRUE,TRUE
Masters management,POST,/api/plant-module/shift-log-manpower/bulk-restore-dismissed-pairs,Remove shift log manpower dismissed duplicate pairs bulk.,master_personnel,edit,Potentially delegable with a narrow section/action and existing record restrictions; unchanged now.,Inventory proposal only; not an authorization change,TRUE,TRUE
Reconcile,GET,/api/plant-module/hlc-borrow-reconciliation,Read plant module hlc borrow reconciliation.,admin_ledger_tools,view,Potentially delegable with a narrow section/action and existing record restrictions; unchanged now.,Inventory proposal only; not an authorization change,TRUE,TRUE
Destructive deletes,DELETE,/api/plant-module/bitumen-dip-readings/:id,Delete bitumen dip reading.,plant_bitumen,delete,Potentially delegable after record/site restrictions and reversal rules are reviewed; unchanged now.,Inventory proposal only; not an authorization change,TRUE,TRUE
Destructive deletes,DELETE,/api/plant-module/ldo-flow-readings/:id,Delete ldo flow reading.,admin_ldo_tools,delete,Potentially delegable after record/site restrictions and reversal rules are reviewed; unchanged now.,Inventory proposal only; not an authorization change,TRUE,TRUE
Destructive deletes,DELETE,/api/plant-module/ldo-orphaned-rows,Delete orphaned ldo flow rows.,admin_ldo_tools,delete,Potentially delegable after record/site restrictions and reversal rules are reviewed; unchanged now.,Inventory proposal only; not an authorization change,TRUE,TRUE
Backfill,GET,/api/plant-module/ldo-backfill,Read plant module ldo backfill.,admin_ldo_tools,view,Keep owner-only: cross-record repair/import needs a separately reviewed operational procedure.,Inventory proposal only; not an authorization change,TRUE,TRUE
Backfill,POST,/api/plant-module/ldo-backfill,Upsert ldo flow readings backfill.,admin_ldo_tools,edit,Keep owner-only: cross-record repair/import needs a separately reviewed operational procedure.,Inventory proposal only; not an authorization change,TRUE,TRUE
Destructive deletes,DELETE,/api/plant-module/ldo-dip-readings/:id,Delete ldo dip reading.,admin_ldo_tools,delete,Potentially delegable after record/site restrictions and reversal rules are reviewed; unchanged now.,Inventory proposal only; not an authorization change,TRUE,TRUE
Backfill,POST,/api/admin/backfill-dispatch-notes,Backfill dispatch notes.,plant_production,edit,Keep owner-only: cross-record repair/import needs a separately reviewed operational procedure.,Inventory proposal only; not an authorization change,TRUE,TRUE
Backfill,GET,/api/plant-module/ldo-dip-backfill,Read plant module ldo dip backfill.,admin_ldo_tools,view,Keep owner-only: cross-record repair/import needs a separately reviewed operational procedure.,Inventory proposal only; not an authorization change,TRUE,TRUE
Backfill,POST,/api/plant-module/ldo-dip-backfill,Upsert ldo dip readings backfill.,admin_ldo_tools,edit,Keep owner-only: cross-record repair/import needs a separately reviewed operational procedure.,Inventory proposal only; not an authorization change,TRUE,TRUE
Masters management,PUT,/api/plant-module/plant-settings/:plantName,Upsert plant settings.,sites_plants_manage,edit,Potentially delegable with a narrow section/action and existing record restrictions; unchanged now.,Inventory proposal only; not an authorization change,TRUE,TRUE
Destructive deletes,DELETE,/api/plant-module/plant-settings/:plantName,Delete plant settings.,sites_plants_manage,delete,Potentially delegable after record/site restrictions and reversal rules are reviewed; unchanged now.,Inventory proposal only; not an authorization change,TRUE,TRUE
Masters management,POST,/api/plant-module/plant-settings/:plantName/rename,Rename plant settings.,sites_plants_manage,edit,Potentially delegable with a narrow section/action and existing record restrictions; unchanged now.,Inventory proposal only; not an authorization change,TRUE,TRUE
Destructive deletes,DELETE,/api/plant-module/shift-logs/:id,Delete plant shift log.,plant_shift_logs,delete,Potentially delegable after record/site restrictions and reversal rules are reviewed; unchanged now.,Inventory proposal only; not an authorization change,TRUE,TRUE
Destructive deletes,DELETE,/api/plant-module/heating-sessions/:id,Delete bitumen heating session.,plant_heating,delete,Potentially delegable after record/site restrictions and reversal rules are reviewed; unchanged now.,Inventory proposal only; not an authorization change,TRUE,TRUE
Destructive deletes,DELETE,/api/irn/:id,Delete internal requisition.,irn_raise,delete,Potentially delegable after record/site restrictions and reversal rules are reviewed; unchanged now.,Inventory proposal only; not an authorization change,TRUE,TRUE
Other,PATCH,/api/irn/:id,Update internal requisition.,irn_raise,edit,Potentially delegable with a narrow section/action and existing record restrictions; unchanged now.,Inventory proposal only; not an authorization change,TRUE,TRUE
Other,PATCH,/api/purchase-indents/:id/force-close,Force close indent.,purchase_indents_approve,delete,Potentially delegable with a narrow section/action and existing record restrictions; unchanged now.,Inventory proposal only; not an authorization change,TRUE,TRUE
Destructive deletes,DELETE,/api/purchase-indents/:id,Delete purchase indent.,purchase_indents_approve,delete,Potentially delegable after record/site restrictions and reversal rules are reviewed; unchanged now.,Inventory proposal only; not an authorization change,TRUE,TRUE
Other,PUT,/api/diesel-requirements/:id,Update diesel requirement.,site_diesel,edit,Potentially delegable with a narrow section/action and existing record restrictions; unchanged now.,Inventory proposal only; not an authorization change,TRUE,TRUE
Destructive deletes,DELETE,/api/diesel-requirements/:id,Delete diesel requirement.,site_diesel,delete,Potentially delegable after record/site restrictions and reversal rules are reviewed; unchanged now.,Inventory proposal only; not an authorization change,TRUE,TRUE
Destructive deletes,DELETE,/api/vendor-aliases/:id,Delete vendor alias.,vendor_bill_aliases,delete,Potentially delegable after record/site restrictions and reversal rules are reviewed; unchanged now.,Inventory proposal only; not an authorization change,TRUE,TRUE
Other,PUT,/api/vendor-bills/:id,Update vendor bill.,vendor_bills,edit,Potentially delegable with a narrow section/action and existing record restrictions; unchanged now.,Inventory proposal only; not an authorization change,TRUE,TRUE
Destructive deletes,DELETE,/api/vendor-bills/:id,Delete vendor bill.,vendor_bills,delete,Potentially delegable after record/site restrictions and reversal rules are reviewed; unchanged now.,Inventory proposal only; not an authorization change,TRUE,TRUE
Destructive deletes,DELETE,/api/vendor-rate-cards/:id,Delete vendor rate card.,rate_cards,delete,Potentially delegable after record/site restrictions and reversal rules are reviewed; unchanged now.,Inventory proposal only; not an authorization change,TRUE,TRUE
Data sync,POST,/api/admin/export-data,Export table.,data_sync,export,Keep owner-only: cross-record repair/import needs a separately reviewed operational procedure.,Inventory proposal only; not an authorization change,TRUE,TRUE
Data sync,POST,/api/admin/reset-sequences,Reset all sequences.,data_sync,edit,Keep owner-only: cross-record repair/import needs a separately reviewed operational procedure.,Inventory proposal only; not an authorization change,TRUE,TRUE
Data sync,POST,/api/admin/import-data,Import data.,data_sync,edit,Keep owner-only: cross-record repair/import needs a separately reviewed operational procedure.,Inventory proposal only; not an authorization change,TRUE,TRUE
Ledger rebuild/reassign/transfer,POST,/api/admin/fix-ledger-gap-427,Apply ledger gap fix427.,admin_ledger_tools,edit,Keep owner-only: cross-record repair/import needs a separately reviewed operational procedure.,Inventory proposal only; not an authorization change,TRUE,TRUE
Ledger rebuild/reassign/transfer,POST,/api/admin/fix-orphan-stock-balances,Fix orphan stock balances.,admin_ledger_tools,edit,Keep owner-only: cross-record repair/import needs a separately reviewed operational procedure.,Inventory proposal only; not an authorization change,TRUE,TRUE
Backfill,GET,/api/admin/site-backfill/unassigned,Read admin site backfill unassigned.,sites_plants_manage,view,Keep owner-only: cross-record repair/import needs a separately reviewed operational procedure.,Inventory proposal only; not an authorization change,TRUE,TRUE
Backfill,POST,/api/admin/site-backfill/assign,Run admin site backfill assign.,sites_plants_manage,edit,Keep owner-only: cross-record repair/import needs a separately reviewed operational procedure.,Inventory proposal only; not an authorization change,TRUE,TRUE
Destructive deletes,DELETE,/api/concrete-estimates/:id,Delete concrete estimate.,concrete_estimates_manage,delete,Potentially delegable after record/site restrictions and reversal rules are reviewed; unchanged now.,Inventory proposal only; not an authorization change,TRUE,TRUE
Destructive deletes,DELETE,/api/concrete/v2/estimates/:id,Delete concrete estimate v2.,concrete_estimates_manage,delete,Potentially delegable after record/site restrictions and reversal rules are reviewed; unchanged now.,Inventory proposal only; not an authorization change,TRUE,TRUE
Other,POST,/api/stores/grns/:id/cancel,Cancel store grn.,stores_inventory,delete,Potentially delegable with a narrow section/action and existing record restrictions; unchanged now.,Inventory proposal only; not an authorization change,TRUE,TRUE
Other,POST,/api/stores/issues/:id/cancel,Cancel store issue.,stores_inventory,delete,Potentially delegable with a narrow section/action and existing record restrictions; unchanged now.,Inventory proposal only; not an authorization change,TRUE,TRUE
Destructive deletes,DELETE,/api/maintenance/logs/:id,Delete maintenance log.,plant_equipment,delete,Potentially delegable after record/site restrictions and reversal rules are reviewed; unchanged now.,Inventory proposal only; not an authorization change,TRUE,TRUE
Destructive deletes,DELETE,/api/rmc/mix-designs/:id,Delete rmc mix design.,rmc_mix_designs,delete,Potentially delegable after record/site restrictions and reversal rules are reviewed; unchanged now.,Inventory proposal only; not an authorization change,TRUE,TRUE
Other,POST,/api/rmc/batch-records/reprocess-missed-deductions,Reprocess rmc missed deductions.,rmc_batch_records,edit,Potentially delegable with a narrow section/action and existing record restrictions; unchanged now.,Inventory proposal only; not an authorization change,TRUE,TRUE
Destructive deletes,DELETE,/api/rmc/batch-records/:id,Delete rmc batch record.,rmc_batch_records,delete,Potentially delegable after record/site restrictions and reversal rules are reviewed; unchanged now.,Inventory proposal only; not an authorization change,TRUE,TRUE
Destructive deletes,DELETE,/api/rmc/cube-tests/:id,Delete rmc cube test.,rmc_cube_tests,delete,Potentially delegable after record/site restrictions and reversal rules are reviewed; unchanged now.,Inventory proposal only; not an authorization change,TRUE,TRUE
Destructive deletes,DELETE,/api/rmc/raw-materials/:id,Delete rmc raw material receipt.,master_materials,delete,Potentially delegable after record/site restrictions and reversal rules are reviewed; unchanged now.,Inventory proposal only; not an authorization change,TRUE,TRUE
Destructive deletes,DELETE,/api/boq/projects/:id,Delete boq project.,qto_boq,delete,Potentially delegable after record/site restrictions and reversal rules are reviewed; unchanged now.,Inventory proposal only; not an authorization change,TRUE,TRUE
Other,GET,/api/boq/projects/:id/scope-segments/:segId/initial-correction-eligibility,Read boq projects scope segments initial correction eligibility.,project_scope,view,Potentially delegable with a narrow section/action and existing record restrictions; unchanged now.,Inventory proposal only; not an authorization change,TRUE,TRUE
Other,POST,/api/boq/scope-segments/:segId/correct-initial,Correct initial scope segment.,project_scope,edit,Potentially delegable with a narrow section/action and existing record restrictions; unchanged now.,Inventory proposal only; not an authorization change,TRUE,TRUE
Destructive deletes,DELETE,/api/planning/equipment-types/:id,Delete planning equipment type.,planning_masters,delete,Potentially delegable after record/site restrictions and reversal rules are reviewed; unchanged now.,Inventory proposal only; not an authorization change,TRUE,TRUE
Destructive deletes,DELETE,/api/planning/labour-types/:id,Delete planning labour type.,planning_masters,delete,Potentially delegable after record/site restrictions and reversal rules are reviewed; unchanged now.,Inventory proposal only; not an authorization change,TRUE,TRUE
Other,POST,/api/planning/seed-morth,Seed planning morth defaults.,planning_masters,edit,Potentially delegable with a narrow section/action and existing record restrictions; unchanged now.,Inventory proposal only; not an authorization change,TRUE,TRUE
Masters management,POST,/api/snl/seed,Seed snl morth sdb.,norms_library,edit,Potentially delegable with a narrow section/action and existing record restrictions; unchanged now.,Inventory proposal only; not an authorization change,TRUE,TRUE
Masters management,POST,/api/snl/import,Run snl import.,norms_library,edit,Potentially delegable with a narrow section/action and existing record restrictions; unchanged now.,Inventory proposal only; not an authorization change,TRUE,TRUE